lender_id,loan_id,funded_amount,risk_category
0,0,34391.6,High
0,1,39373.4,High
0,2,66386.40000000001,Medium
0,3,30738.800000000003,High
0,4,33975.8,High
0,5,32053.600000000002,High
0,6,20977.2,High
0,7,67467.40000000001,Medium
0,8,27499.600000000002,High
0,9,75040.6,Medium
0,10,13204.6,High
0,11,48218.0,Medium
0,12,23444.2,High
0,13,52964.0,Medium
0,14,10153.800000000001,High
0,15,21947.0,High
0,16,78805.40000000001,Medium
0,17,22985.0,High
0,18,72145.59999999987,Medium
1,0,34391.6,High
1,1,39373.4,High
1,3,30738.800000000003,High
1,4,33975.8,High
1,5,32053.600000000002,High
1,6,20977.2,High
1,8,27499.600000000002,High
1,10,13204.6,High
1,12,7192.400000000003,High
2,0,34391.6,High
2,1,39373.4,High
2,3,30738.800000000003,High
2,4,33975.8,High
2,5,32053.600000000002,High
2,6,20977.2,High
2,8,27499.600000000002,High
2,10,13204.6,High
2,12,23444.2,High
2,14,10153.800000000001,High
2,15,21947.0,High
2,17,22985.0,High
2,19,11062.2,High
2,21,27061.0,High
2,22,36121.6,High
2,26,10549.400000000001,High
2,28,23145.0,High
2,30,26930.800000000003,High
2,31,33869.200000000004,High
2,34,19911.200000000063,High
3,0,34391.6,High
3,1,39373.4,High
3,2,66386.40000000001,Medium
3,3,30738.800000000003,High
3,4,33975.8,High
3,5,32053.600000000002,High
3,6,20977.2,High
3,7,67467.40000000001,Medium
3,8,27499.600000000002,High
3,9,75040.6,Medium
3,10,13204.6,High
3,11,48218.0,Medium
3,12,23444.2,High
3,13,52964.0,Medium
3,14,10153.800000000001,High
3,15,21947.0,High
3,16,78805.40000000001,Medium
3,17,22985.0,High
3,18,90541.8,Medium
3,19,11062.2,High
3,20,60671.0,Medium
3,21,27061.0,High
3,22,36121.6,High
3,23,71346.0,Medium
3,24,3166.999999999971,Medium
4,2,66386.40000000001,Medium
4,7,67467.40000000001,Medium
4,9,75040.6,Medium
4,11,48218.0,Medium
4,13,52964.0,Medium
4,16,78805.40000000001,Medium
4,18,90541.8,Medium
4,20,33470.399999999965,Medium
5,2,66386.40000000001,Medium
5,7,67467.40000000001,Medium
5,9,75040.6,Medium
5,11,48218.0,Medium
5,13,4697.599999999962,Medium
6,2,66386.39999999992,Medium
6,7,67467.39999999992,Medium
6,9,75040.6,Medium
6,11,48218.0,Medium
6,13,52964.0,Medium
6,16,78805.40000000001,Medium
6,18,90541.8,Medium
6,20,60671.0,Medium
6,23,71346.0,Medium
6,24,69900.6,Medium
6,25,66104.6,Medium
6,27,30529.200000000186,Medium
7,0,34391.599999999984,High
7,1,39373.4,High
7,3,30738.79999999999,High
7,4,19019.200000000033,High
8,1,1.4551915228366852e-11,High
8,4,14956.59999999997,High
8,5,32053.59999999998,High
8,6,20977.2,High
8,8,27499.59999999998,High
8,10,13204.6,High
8,12,23444.2,High
8,13,48266.40000000004,Medium
8,14,10153.800000000001,High
8,15,21947.0,High
8,16,78805.39999999992,Medium
8,17,22985.0,High
8,18,90541.8,Medium
8,19,11062.2,High
8,20,60671.0,Medium
8,21,27061.0,High
8,22,36121.6,High
8,23,71346.0,Medium
8,24,69900.6,Medium
8,25,66104.6,Medium
8,26,10549.400000000001,High
8,27,52811.40000000022,Medium
9,6,7.275957614183426e-12,High
9,10,3.637978807091713e-12,High
9,12,16251.8,High
9,14,10153.79999999999,High
9,15,21947.0,High
9,17,22985.0,High
9,19,11062.2,High
9,21,27061.0,High
9,22,35015.20000000001,High
10,18,18396.200000000157,Medium
10,20,60671.0,Medium
10,23,71346.0,Medium
10,24,69900.6,Medium
10,25,63527.19999999981,Medium
11,19,11062.2,High
11,21,27061.0,High
11,22,36121.6,High
11,26,10549.400000000001,High
11,28,23145.0,High
11,30,26930.800000000003,High
11,31,33869.200000000004,High
11,34,33243.200000000004,High
11,35,12278.800000000001,High
11,36,23818.4,High
11,42,11758.400000000001,High
11,43,23629.600000000002,High
11,44,34848.6,High
11,49,13431.800000000001,High
11,51,26015.4,High
11,52,17184.0,High
11,54,13891.400000000001,High
11,55,25790.600000000002,High
11,62,29859.800000000003,High
11,63,12306.800000000001,High
11,64,18079.4,High
11,65,28277.4,High
11,67,21118.2,High
11,68,14649.400000000001,High
11,69,14860.0,High
11,70,26559.600000000002,High
11,71,11853.6,High
11,72,27361.4,High
11,76,37928.6,High
11,77,17608.8,High
11,82,34875.0,High
11,90,17732.0,High
11,91,36926.6,High
11,92,15370.800000000001,High
11,94,14532.400000000001,High
11,99,34736.8,High
11,100,12193.0,High
11,101,14907.6,High
11,106,7084.399999999956,High
12,19,3.637978807091713e-12,High
12,22,1106.3999999999724,High
12,26,10549.400000000001,High
12,28,23145.0,High
12,30,26930.800000000003,High
12,31,33869.200000000004,High
12,34,33243.200000000004,High
12,35,12278.800000000001,High
12,36,23818.4,High
12,42,11758.400000000001,High
12,43,23629.600000000002,High
12,44,34848.6,High
12,49,13431.800000000001,High
12,51,26015.4,High
12,52,17184.0,High
12,54,13891.400000000001,High
12,55,25790.600000000002,High
12,62,29859.800000000003,High
12,63,12306.800000000001,High
12,64,18079.4,High
12,65,28277.4,High
12,67,21118.2,High
12,68,14649.400000000001,High
12,69,14860.0,High
12,70,26559.600000000002,High
12,71,11853.6,High
12,72,27361.4,High
12,76,37928.6,High
12,77,17608.8,High
12,82,34875.0,High
12,90,17732.0,High
12,91,36926.6,High
12,92,15370.800000000001,High
12,94,14532.400000000001,High
12,99,34736.8,High
12,100,12193.0,High
12,101,14907.6,High
12,106,29761.2,High
12,109,33835.200000000004,High
12,111,34481.8,High
12,112,14683.800000000001,High
12,113,20003.0,High
12,114,14051.799999999785,High
13,20,27200.600000000035,Medium
13,23,71346.0,Medium
13,24,69900.6,Medium
13,25,66104.6,Medium
13,27,38314.19999999995,Medium
14,24,66733.6,Medium
14,25,66104.6,Medium
14,27,3833.7999999999884,Medium
15,25,2577.400000000198,Medium
15,27,64771.0,Medium
15,29,65996.2,Medium
15,32,53487.0,Medium
15,33,46310.200000000004,Medium
15,37,40778.0,Medium
15,38,48321.200000000004,Medium
15,39,197898.40000000002,Low
15,40,91368.0,Medium
15,41,36627.5999999998,Medium
16,26,10549.399999999994,High
16,27,64771.0,Medium
16,28,23145.0,High
16,29,65996.2,Medium
16,30,26930.800000000003,High
16,31,33869.200000000004,High
16,32,53487.0,Medium
16,33,46310.200000000004,Medium
16,34,33243.200000000004,High
16,35,12278.800000000001,High
16,36,23818.4,High
16,37,494.7999999999447,Medium
17,27,64771.0,Medium
17,28,23145.0,High
17,29,65996.2,Medium
17,30,26930.79999999999,High
17,31,33869.19999999996,High
17,32,53487.0,Medium
17,33,46310.200000000004,Medium
17,34,33243.200000000004,High
17,35,12278.800000000001,High
17,36,23818.4,High
17,37,40778.0,Medium
17,38,48321.200000000004,Medium
17,40,91368.0,Medium
17,41,68339.8,Medium
17,42,11758.400000000001,High
17,43,23629.600000000002,High
17,44,34848.6,High
17,45,82100.6,Medium
18,27,4053.399999999645,Medium
18,29,65996.2,Medium
18,32,8201.400000000358,Medium
19,29,65996.19999999997,Medium
19,32,53487.0,Medium
19,33,46310.200000000004,Medium
19,37,40778.0,Medium
19,38,48321.200000000004,Medium
19,39,197898.40000000002,Low
19,40,91368.0,Medium
19,41,68339.8,Medium
19,45,65270.2,Medium
20,32,45285.59999999964,Medium
20,33,46310.19999999996,Medium
20,34,13331.999999999898,High
20,35,12278.79999999999,High
20,36,23818.4,High
20,37,40778.0,Medium
20,38,48321.200000000004,Medium
20,40,91368.0,Medium
20,41,68339.8,Medium
20,42,11758.400000000001,High
20,43,23119.600000000508,High
21,37,40283.20000000007,Medium
21,38,48321.19999999996,Medium
21,39,197898.40000000002,Low
21,40,91368.0,Medium
21,41,68339.8,Medium
21,45,90399.0,Medium
21,46,63623.399999999965,Medium
22,39,197898.40000000002,Low
22,41,31712.200000000215,Medium
22,45,90399.0,Medium
22,46,70911.0,Medium
22,47,49711.0,Medium
22,48,91301.6,Medium
22,50,61306.0,Medium
22,53,80110.20000000001,Medium
22,56,74365.8,Medium
22,57,94367.20000000001,Medium
22,58,80456.6,Medium
22,59,4744.999999999796,Medium
23,36,7.275957614183426e-12,High
23,42,11758.399999999994,High
23,43,23629.600000000002,High
23,44,34848.6,High
23,45,11980.400000000001,Medium
24,43,509.9999999994725,High
24,44,34848.599999999984,High
24,45,22949.40000000054,Medium
25,49,13431.800000000001,High
25,51,26015.4,High
25,52,17184.0,High
25,54,13891.400000000001,High
25,55,25790.600000000002,High
25,62,29859.800000000003,High
25,63,12306.800000000001,High
25,64,18079.4,High
25,65,28277.4,High
25,67,21118.2,High
25,68,14649.400000000001,High
25,69,14860.0,High
25,70,26559.600000000002,High
25,71,11853.6,High
25,72,27361.4,High
25,76,16854.20000000001,High
26,39,197898.3999999999,Low
26,45,35163.60000000009,Medium
27,45,53732.79999999938,Medium
27,46,70911.0,Medium
27,47,49711.0,Medium
27,48,91301.6,Medium
27,49,13431.800000000001,High
27,50,61306.0,Medium
27,51,26015.4,High
27,52,17184.0,High
27,53,60772.40000000066,Medium
28,46,70911.0,Medium
28,47,49711.0,Medium
28,48,91301.6,Medium
28,49,13431.79999999999,High
28,50,61306.0,Medium
28,51,26015.4,High
28,52,17184.0,High
28,53,80110.20000000001,Medium
28,54,13891.400000000001,High
28,55,25790.600000000002,High
28,56,74365.8,Medium
28,57,94367.20000000001,Medium
28,58,80456.6,Medium
28,59,79353.8,Medium
28,61,16643.599999999933,Medium
29,46,70911.0,Medium
29,47,49711.0,Medium
29,48,29613.0,Medium
30,46,7287.600000000035,Medium
30,47,49711.0,Medium
30,48,67741.39999999997,Medium
31,48,85248.80000000008,Medium
31,50,61306.0,Medium
31,53,80110.20000000001,Medium
31,56,74365.8,Medium
31,57,94367.20000000001,Medium
31,58,33097.99999999993,Medium
32,50,61306.0,Medium
32,53,80110.20000000001,Medium
32,56,74365.8,Medium
32,57,94367.20000000001,Medium
32,58,80456.6,Medium
32,59,79353.8,Medium
32,60,107413.0,Low
32,61,84633.0,Medium
32,66,92632.0,Medium
32,73,94865.8,Medium
32,74,53545.60000000008,Medium
33,51,7.275957614183426e-12,High
33,54,13891.399999999994,High
33,55,25790.59999999998,High
33,62,29859.800000000003,High
33,63,12306.800000000001,High
33,64,18079.4,High
33,65,28277.4,High
33,67,21118.2,High
33,68,14649.400000000001,High
33,69,14860.0,High
33,70,26559.600000000002,High
33,71,11853.6,High
33,72,27361.4,High
33,76,37928.6,High
33,77,17608.8,High
33,82,34875.0,High
33,90,17732.0,High
33,91,36926.6,High
33,92,15370.800000000001,High
33,94,14532.400000000001,High
33,99,34736.8,High
33,100,12193.0,High
33,101,14907.6,High
33,106,29761.2,High
33,109,33835.200000000004,High
33,111,34481.8,High
33,112,14683.800000000001,High
33,113,20003.0,High
33,114,34419.200000000004,High
33,115,31411.800000000003,High
33,116,32137.4,High
33,119,22524.600000000002,High
33,120,25090.0,High
33,121,28685.2,High
33,126,11748.599999999959,High
34,62,29859.79999999999,High
34,63,12306.79999999999,High
34,64,18079.4,High
34,65,28277.4,High
34,67,21118.2,High
34,68,14649.399999999994,High
34,69,14860.0,High
34,70,26559.59999999998,High
34,71,11853.6,High
34,72,27361.4,High
34,76,37928.6,High
34,77,17608.8,High
34,82,34875.0,High
34,90,17732.0,High
34,91,36926.6,High
34,92,15370.800000000001,High
34,94,14532.400000000001,High
34,99,34736.8,High
34,100,12193.0,High
34,101,14907.6,High
34,106,29761.2,High
34,109,33835.200000000004,High
34,111,34481.8,High
34,112,14683.800000000001,High
34,113,20003.0,High
34,114,34419.200000000004,High
34,115,31411.800000000003,High
34,116,32137.4,High
34,119,22524.600000000002,High
34,120,25090.0,High
34,121,28685.2,High
34,126,29051.800000000003,High
34,127,15187.800000000001,High
34,128,13609.400000000001,High
34,129,15221.0,High
34,132,31487.599999999926,High
35,65,7.275957614183426e-12,High
35,67,7.275957614183426e-12,High
35,71,3.637978807091713e-12,High
35,72,7.275957614183426e-12,High
35,76,21074.39999999998,High
35,77,17608.799999999992,High
35,82,34875.0,High
35,90,17732.0,High
35,91,36926.599999999984,High
35,92,15370.79999999999,High
35,94,14532.399999999994,High
35,99,34736.8,High
35,100,12193.0,High
35,101,14907.6,High
35,106,29761.2,High
35,109,33835.200000000004,High
35,111,34481.8,High
35,112,14683.800000000001,High
35,113,20003.0,High
35,114,34419.200000000004,High
35,115,31411.800000000003,High
35,116,32137.4,High
35,119,22524.600000000002,High
35,120,25090.0,High
35,121,28685.2,High
35,126,29051.800000000003,High
35,127,15187.800000000001,High
35,128,13609.400000000001,High
35,129,15221.0,High
35,132,35023.4,High
35,133,14755.2,High
35,134,35675.200000000004,High
35,135,37569.6,High
35,136,28557.4,High
35,137,35589.6,High
35,138,21003.2,High
35,139,38109.200000000004,High
35,141,37320.4,High
35,142,33820.200000000004,High
35,145,12709.0,High
35,147,24706.0,High
35,148,12330.999999999774,High
36,53,19337.79999999929,Medium
36,56,74365.8,Medium
36,57,94367.19999999995,Medium
36,58,39176.20000000077,Medium
37,56,2.9103830456733704e-11,Medium
37,58,80456.6,Medium
37,59,79353.8,Medium
37,60,107413.0,Low
37,61,84633.0,Medium
37,66,92632.0,Medium
37,73,94865.8,Medium
37,74,78955.20000000001,Medium
37,75,83570.20000000001,Medium
37,78,11285.399999999965,Medium
38,58,8182.399999999325,Medium
38,59,79353.8,Medium
38,61,84633.0,Medium
38,66,92632.0,Medium
38,73,94865.8,Medium
38,74,78955.20000000001,Medium
38,75,83570.20000000001,Medium
38,78,49796.8,Medium
38,79,7535.800000000672,Medium
39,59,70056.0,Medium
40,59,4552.800000000265,Medium
40,60,107413.0,Low
40,61,84633.0,Medium
40,66,30016.19999999972,Medium
41,61,67989.40000000008,Medium
41,66,92632.0,Medium
41,73,77006.59999999992,Medium
42,60,107413.0,Low
42,66,62615.80000000028,Medium
42,73,94865.8,Medium
42,74,78955.20000000001,Medium
42,75,83570.20000000001,Medium
42,78,49796.8,Medium
42,79,92942.40000000001,Medium
42,80,64030.200000000004,Medium
42,81,54646.59999999971,Medium
43,101,3.637978807091713e-12,High
43,106,22676.800000000043,High
43,109,33835.19999999996,High
43,111,34481.8,High
43,112,14683.79999999999,High
43,113,20003.0,High
43,114,34419.200000000004,High
43,115,31411.800000000003,High
43,116,32137.4,High
43,119,22524.600000000002,High
43,120,25090.0,High
43,121,28685.2,High
43,126,29051.800000000003,High
43,127,15187.800000000001,High
43,128,13609.400000000001,High
43,129,15221.0,High
43,132,35023.4,High
43,133,14755.2,High
43,134,834.6000000000095,High
44,60,107413.0,Low
44,73,17859.200000000114,Medium
44,74,59142.79999999989,Medium
45,74,45221.999999999985,Medium
45,75,83570.20000000001,Medium
45,78,49796.8,Medium
45,79,92942.40000000001,Medium
45,80,64030.200000000004,Medium
45,81,66753.40000000001,Medium
45,83,54400.999999999956,Medium
46,75,83570.19999999995,Medium
46,78,49796.8,Medium
46,79,92942.40000000001,Medium
46,80,64030.200000000004,Medium
46,81,66753.40000000001,Medium
46,83,75852.40000000001,Medium
46,84,63492.59999999999,Medium
47,78,38511.40000000005,Medium
47,79,92942.40000000001,Medium
47,80,64030.200000000004,Medium
47,81,66753.40000000001,Medium
47,83,75852.40000000001,Medium
47,84,67266.0,Medium
47,85,72846.2,Medium
47,86,42797.200000000004,Medium
47,87,52371.600000000006,Medium
47,89,30292.199999999895,Medium
48,79,85406.59999999923,Medium
48,80,64030.19999999996,Medium
48,81,66753.40000000001,Medium
48,83,75852.40000000001,Medium
48,84,67266.0,Medium
48,85,72846.2,Medium
48,86,42797.200000000004,Medium
48,87,52371.600000000006,Medium
48,89,42533.200000000004,Medium
48,93,60897.600000000006,Medium
48,95,84267.60000000068,Medium
49,81,12106.80000000025,Medium
49,83,75852.40000000001,Medium
49,84,67266.0,Medium
49,85,72846.2,Medium
49,86,42797.200000000004,Medium
49,87,52371.600000000006,Medium
49,88,125862.40000000001,Low
49,89,42533.200000000004,Medium
49,93,60897.600000000006,Medium
49,95,38718.59999999966,Medium
50,114,20367.400000000183,High
50,115,31411.79999999999,High
50,116,32137.4,High
50,119,22524.59999999998,High
50,120,25090.0,High
50,121,28685.2,High
50,126,29051.800000000003,High
50,127,15187.800000000001,High
50,128,13609.400000000001,High
50,129,15221.0,High
50,132,35023.4,High
50,133,14755.2,High
50,134,35675.200000000004,High
50,135,37569.6,High
50,136,28557.4,High
50,137,35589.6,High
50,138,21003.2,High
50,139,38109.200000000004,High
50,141,37320.4,High
50,142,33820.200000000004,High
50,145,12709.0,High
50,147,24706.0,High
50,148,28711.4,High
50,150,23768.0,High
50,151,33690.200000000004,High
50,152,13422.59999999981,High
51,116,7.275957614183426e-12,High
51,121,7.275957614183426e-12,High
51,126,17303.20000000004,High
51,127,15187.79999999999,High
51,128,13609.399999999994,High
51,129,15221.0,High
51,132,35023.4,High
51,133,14755.2,High
51,134,35675.200000000004,High
51,135,37569.6,High
51,136,28557.4,High
51,137,35589.6,High
51,138,21003.2,High
51,139,33268.99999999993,High
52,132,3535.80000000009,High
52,133,14755.2,High
52,134,35675.200000000004,High
52,135,37569.6,High
52,136,28557.4,High
52,137,35589.6,High
52,138,21003.2,High
52,139,38109.200000000004,High
52,141,37320.4,High
52,142,33820.200000000004,High
52,145,12709.0,High
52,147,24706.0,High
52,148,28711.4,High
52,150,23768.0,High
52,151,33690.200000000004,High
52,152,20201.0,High
52,154,20546.600000000002,High
52,155,23063.600000000002,High
52,156,23434.4,High
52,158,28652.800000000003,High
52,159,15347.2,High
52,162,32436.2,High
52,163,36385.200000000004,High
52,166,20171.800000000003,High
52,167,35131.4,High
52,168,24093.4,High
52,169,29701.2,High
52,170,31950.2,High
52,171,14362.600000000119,High
53,133,3.637978807091713e-12,High
53,134,34840.599999999955,High
53,135,37569.599999999984,High
53,136,28557.4,High
53,137,35589.599999999984,High
53,138,21003.2,High
53,139,38109.200000000004,High
53,141,37320.4,High
53,142,33820.200000000004,High
53,145,12709.0,High
53,147,24706.0,High
53,148,28711.4,High
53,150,23768.0,High
53,151,33690.200000000004,High
53,152,20201.0,High
53,154,20546.600000000002,High
53,155,23063.600000000002,High
53,156,23434.4,High
53,158,28652.800000000003,High
53,159,10588.799999999967,High
54,83,21451.399999999994,Medium
54,84,67266.0,Medium
54,85,72846.2,Medium
54,86,42797.200000000004,Medium
54,87,52371.600000000006,Medium
54,89,42533.200000000004,Medium
54,93,60897.600000000006,Medium
54,95,94107.20000000001,Medium
54,96,46107.0,Medium
54,97,99473.20000000001,Medium
54,98,55474.600000000006,Medium
54,102,80332.8,Medium
54,103,54769.000000000015,Medium
55,136,7.275957614183426e-12,High
55,138,7.275957614183426e-12,High
55,139,4840.200000000041,High
55,141,37320.4,High
55,142,33820.19999999996,High
55,145,12709.0,High
55,147,24706.0,High
55,148,28711.4,High
55,150,23768.0,High
55,151,33690.200000000004,High
55,152,20201.0,High
55,154,20546.600000000002,High
55,155,23063.600000000002,High
55,156,23434.4,High
55,158,28652.800000000003,High
55,159,15347.2,High
55,162,32436.2,High
55,163,36385.200000000004,High
55,166,20171.800000000003,High
55,167,35131.4,High
55,168,24093.4,High
55,169,29701.2,High
55,170,31950.2,High
55,171,21472.599999999944,High
56,84,3773.4000000000233,Medium
56,85,72846.19999999997,Medium
56,86,40595.40000000001,Medium
57,86,2201.799999999952,Medium
57,87,52371.59999999998,Medium
57,88,125862.40000000001,Low
57,89,42533.200000000004,Medium
57,93,60897.600000000006,Medium
57,95,94107.20000000001,Medium
57,96,46107.0,Medium
57,97,99473.20000000001,Medium
57,98,55474.600000000006,Medium
57,102,80332.8,Medium
57,103,67836.40000000001,Medium
57,104,71667.6,Medium
57,105,76812.8,Medium
57,107,29795.80000000012,Medium
58,88,125862.40000000001,Low
58,89,12241.000000000073,Medium
58,93,56252.59999999992,Medium
59,93,4645.000000000058,Medium
59,95,94107.20000000001,Medium
59,96,46107.0,Medium
59,97,99473.20000000001,Medium
59,98,9528.599999999919,Medium
60,95,65228.19999999966,Medium
60,96,46107.0,Medium
60,97,99473.20000000001,Medium
60,98,55474.600000000006,Medium
60,102,80332.8,Medium
60,103,58996.20000000032,Medium
61,88,125862.40000000001,Low
61,96,46107.0,Medium
61,97,99473.19999999995,Medium
61,98,55474.600000000006,Medium
61,102,80332.8,Medium
61,103,67836.40000000001,Medium
61,104,29518.600000000006,Medium
62,141,1.4551915228366852e-11,High
62,148,16380.400000000242,High
62,150,23768.0,High
62,151,19286.599999999744,High
63,98,45946.00000000006,Medium
63,102,80332.8,Medium
63,103,67836.40000000001,Medium
63,104,71667.6,Medium
63,105,76812.8,Medium
63,107,58196.4,Medium
63,108,64325.200000000004,Medium
63,110,32438.79999999991,Medium
64,88,125862.39999999992,Low
64,102,2.9103830456733704e-11,Medium
64,103,21907.599999999657,Medium
64,104,71667.6,Medium
64,105,76812.8,Medium
64,107,58196.4,Medium
64,108,64325.200000000004,Medium
64,110,83625.20000000001,Medium
64,117,82285.6,Medium
64,118,61175.600000000006,Medium
64,122,48717.0,Medium
64,123,52808.8,Medium
64,124,2053.8000000004395,Medium
65,104,71667.6,Medium
65,105,76812.8,Medium
65,107,58196.4,Medium
65,108,64325.200000000004,Medium
65,110,83625.20000000001,Medium
65,117,82285.6,Medium
65,118,61175.600000000006,Medium
65,122,48717.0,Medium
65,123,52808.8,Medium
65,124,61911.200000000004,Medium
65,125,40538.600000000006,Medium
65,130,55153.200000000004,Medium
65,131,48852.4,Medium
65,140,44391.8,Medium
65,143,64802.60000000008,Medium
66,104,42149.0,Medium
66,105,76812.8,Medium
66,107,58196.4,Medium
66,108,64325.200000000004,Medium
66,110,83625.20000000001,Medium
66,117,82285.6,Medium
66,118,61175.600000000006,Medium
66,122,48717.0,Medium
66,123,52808.8,Medium
66,124,55485.39999999995,Medium
67,151,14403.600000000217,High
67,152,20201.0,High
67,154,20546.600000000002,High
67,155,23063.600000000002,High
67,156,23434.4,High
67,158,27131.799999999777,High
68,105,2.9103830456733704e-11,Medium
68,107,28400.59999999991,Medium
68,108,64325.19999999996,Medium
68,110,83625.20000000001,Medium
68,117,65124.00000000009,Medium
69,152,6778.400000000198,High
69,154,20546.59999999998,High
69,155,23063.59999999998,High
69,156,23434.4,High
69,158,28652.800000000003,High
69,159,15347.2,High
69,162,32436.2,High
69,163,36385.200000000004,High
69,166,20171.800000000003,High
69,167,3379.79999999985,High
70,156,7.275957614183426e-12,High
70,158,1521.000000000211,High
70,159,15347.2,High
70,162,32436.2,High
70,163,36385.200000000004,High
70,166,20171.800000000003,High
70,167,35131.4,High
70,168,24093.4,High
70,169,29701.2,High
70,170,31950.2,High
70,171,33781.200000000004,High
70,172,15988.199999999757,High
71,110,51186.40000000002,Medium
71,117,82285.6,Medium
71,118,61175.600000000006,Medium
71,122,48717.0,Medium
71,123,52808.8,Medium
71,124,59889.59999999996,Medium
72,117,17161.59999999992,Medium
72,118,61175.59999999998,Medium
72,122,48717.0,Medium
72,123,52808.8,Medium
72,124,61911.200000000004,Medium
72,125,40538.600000000006,Medium
72,130,55153.200000000004,Medium
72,131,48852.4,Medium
72,140,44391.8,Medium
72,143,93178.40000000001,Medium
72,144,85715.20000000001,Medium
72,146,73167.6,Medium
72,149,52217.4,Medium
72,153,47870.600000000006,Medium
72,157,31261.600000000122,Medium
73,159,4758.400000000031,High
73,162,32436.2,High
73,163,36385.19999999996,High
73,166,20171.79999999999,High
73,167,35131.4,High
73,168,24093.4,High
73,169,29701.2,High
73,170,31950.2,High
73,171,33781.200000000004,High
73,172,38752.0,High
73,174,31261.600000000002,High
73,175,31216.2,High
73,177,16939.600000000002,High
73,181,20332.600000000002,High
73,182,13141.6,High
73,183,28381.2,High
73,184,19962.2,High
73,186,21250.0,High
73,190,38496.6,High
73,192,37950.4,High
73,193,26979.2,High
73,194,24259.0,High
73,197,17500.8,High
73,198,36574.8,High
73,199,11631.0,High
73,201,14383.6,High
73,207,39488.600000000006,High
73,212,15971.0,High
73,213,11480.0,High
73,215,13030.2,High
73,218,11259.0,High
73,219,34177.0,High
73,220,23837.800000000294,High
74,162,7.275957614183426e-12,High
74,167,31751.600000000173,High
74,168,24093.4,High
74,169,29701.2,High
74,170,31950.2,High
74,171,33781.200000000004,High
74,172,38752.0,High
74,174,31261.600000000002,High
74,175,31216.2,High
74,177,16939.600000000002,High
74,181,20332.600000000002,High
74,182,13141.6,High
74,183,28381.2,High
74,184,19962.2,High
74,186,21250.0,High
74,190,38496.6,High
74,192,37950.4,High
74,193,26979.2,High
74,194,24259.0,High
74,197,17500.8,High
74,198,36574.8,High
74,199,11631.0,High
74,201,14383.6,High
74,207,39488.600000000006,High
74,212,15971.0,High
74,213,11480.0,High
74,215,13030.2,High
74,218,11259.0,High
74,219,34177.0,High
74,220,34911.19999999997,High
75,168,7.275957614183426e-12,High
75,169,7.275957614183426e-12,High
75,170,7.275957614183426e-12,High
75,171,31727.19999999991,High
75,172,38752.0,High
75,174,31261.600000000002,High
75,175,31216.2,High
75,177,16939.600000000002,High
75,181,20332.600000000002,High
75,182,942.8000000000975,High
76,172,38752.0,High
76,174,31261.600000000002,High
76,175,31216.2,High
76,177,16939.600000000002,High
76,181,20332.600000000002,High
76,182,13141.6,High
76,183,28381.2,High
76,184,19962.2,High
76,186,21250.0,High
76,190,38496.6,High
76,192,37950.4,High
76,193,26979.2,High
76,194,24259.0,High
76,197,17500.8,High
76,198,36574.8,High
76,199,3904.200000000026,High
77,123,1.4551915228366852e-11,Medium
77,124,61911.200000000004,Medium
77,125,40538.600000000006,Medium
77,130,55153.200000000004,Medium
77,131,48852.4,Medium
77,140,44391.8,Medium
77,143,93178.40000000001,Medium
77,144,85715.20000000001,Medium
77,146,73167.6,Medium
77,149,32054.59999999989,Medium
78,124,6393.599999999606,Medium
78,125,40538.600000000006,Medium
78,130,55153.200000000004,Medium
78,131,48852.4,Medium
78,140,44391.8,Medium
78,143,93178.40000000001,Medium
78,144,85715.20000000001,Medium
78,146,73167.6,Medium
78,149,52217.4,Medium
78,153,6359.80000000033,Medium
79,125,40538.59999999998,Medium
79,130,55153.19999999996,Medium
79,131,48852.4,Medium
79,140,44391.8,Medium
79,143,93178.40000000001,Medium
79,144,85715.20000000001,Medium
79,146,887.4000000000378,Medium
80,172,22763.80000000025,High
80,174,31261.59999999998,High
80,175,31216.2,High
80,177,16939.59999999998,High
80,181,6919.799999999792,High
81,131,1.4551915228366852e-11,Medium
81,140,1.4551915228366852e-11,Medium
81,143,28375.799999999843,Medium
81,144,85715.19999999995,Medium
81,146,73167.6,Medium
81,149,52217.4,Medium
81,153,47870.600000000006,Medium
81,157,83337.6,Medium
81,160,85056.20000000001,Medium
81,161,62571.8,Medium
81,164,27659.800000000207,Medium
82,146,72280.19999999998,Medium
82,149,52217.4,Medium
82,153,47870.600000000006,Medium
82,157,83337.6,Medium
82,160,83084.20000000004,Medium
83,149,20162.800000000127,Medium
83,153,47870.600000000006,Medium
83,157,83337.6,Medium
83,160,85056.20000000001,Medium
83,161,62571.8,Medium
83,164,93907.20000000001,Medium
83,165,91485.20000000001,Medium
83,173,97497.20000000001,Medium
83,176,57809.0,Medium
83,178,62015.600000000006,Medium
83,179,44534.200000000004,Medium
83,180,57240.4,Medium
83,185,66776.6,Medium
83,187,62509.4,Medium
83,188,7843.1999999997715,Medium
84,153,41510.79999999964,Medium
84,157,83337.6,Medium
84,160,85056.20000000001,Medium
84,161,62571.8,Medium
84,164,93907.20000000001,Medium
84,165,91485.20000000001,Medium
84,173,97497.20000000001,Medium
84,175,7.275957614183426e-12,High
84,176,41971.0000000004,Medium
85,157,52075.99999999991,Medium
85,160,85056.20000000001,Medium
85,161,62571.8,Medium
85,164,93907.20000000001,Medium
85,165,91485.20000000001,Medium
85,173,97497.20000000001,Medium
85,176,57809.0,Medium
85,178,62015.600000000006,Medium
85,179,44534.200000000004,Medium
85,180,57240.4,Medium
85,181,13412.800000000188,High
85,182,13141.6,High
85,183,28381.2,High
85,184,19962.2,High
85,185,5874.399999999761,Medium
86,182,12198.799999999907,High
86,183,28381.2,High
86,184,19962.2,High
86,186,21250.0,High
86,190,38496.6,High
86,192,37950.4,High
86,193,26979.2,High
86,194,24259.0,High
86,197,17500.8,High
86,198,36574.8,High
86,199,11631.0,High
86,201,14383.6,High
86,207,39488.600000000006,High
86,212,15971.0,High
86,213,11480.0,High
86,215,13030.2,High
86,218,11259.0,High
86,219,29463.60000000005,High
87,160,1971.9999999999127,Medium
87,161,62571.8,Medium
87,164,93907.20000000001,Medium
87,165,91485.20000000001,Medium
87,173,97497.20000000001,Medium
87,176,57809.0,Medium
87,178,62015.600000000006,Medium
87,179,44534.200000000004,Medium
87,180,57240.4,Medium
87,183,7.275957614183426e-12,High
87,184,7.275957614183426e-12,High
87,185,66776.6,Medium
87,186,21250.0,High
87,187,62509.4,Medium
87,188,46950.8,Medium
87,189,85362.8,Medium
87,190,38496.599999999984,High
87,191,43432.20000000005,Medium
88,192,37950.4,High
88,193,26979.2,High
88,194,24259.0,High
88,197,17500.799999999992,High
88,198,36574.8,High
88,199,11631.0,High
88,201,14383.6,High
88,207,39488.600000000006,High
88,212,15971.0,High
88,213,11480.0,High
88,215,13030.2,High
88,218,11259.0,High
88,219,34177.0,High
88,220,35214.200000000004,High
88,221,21808.0,High
88,224,33267.200000000004,High
88,225,16542.2,High
88,226,11107.800000000001,High
88,227,35212.6,High
88,228,36725.8,High
88,229,17672.0,High
88,230,36654.4,High
88,231,14271.400000000001,High
88,232,33824.200000000004,High
88,233,25501.0,High
88,234,10573.800000000001,High
88,235,19613.799999999923,High
89,161,1.4551915228366852e-11,Medium
89,164,66247.39999999973,Medium
89,165,91485.19999999995,Medium
89,173,97497.19999999995,Medium
89,176,57809.0,Medium
89,178,62015.600000000006,Medium
89,179,44534.200000000004,Medium
89,180,57240.4,Medium
89,185,66776.6,Medium
89,187,62509.4,Medium
89,188,46950.8,Medium
89,189,47353.200000000434,Medium
90,176,15837.999999999593,Medium
90,178,62015.59999999998,Medium
90,179,44534.19999999996,Medium
90,180,57240.4,Medium
90,185,66776.6,Medium
90,187,62509.4,Medium
90,188,46950.8,Medium
90,189,85362.8,Medium
90,191,42146.20000000045,Medium
91,192,1.4551915228366852e-11,High
91,193,7.275957614183426e-12,High
91,199,7726.799999999974,High
91,201,14383.6,High
91,207,39488.59999999998,High
91,212,15971.0,High
91,213,11480.0,High
91,215,13030.2,High
91,218,11259.0,High
91,219,34177.0,High
91,220,35214.200000000004,High
91,221,21808.0,High
91,224,33267.200000000004,High
91,225,16542.2,High
91,226,11107.800000000001,High
91,227,35212.6,High
91,228,36725.8,High
91,229,17672.0,High
91,230,36654.4,High
91,231,14271.400000000001,High
91,232,33824.200000000004,High
91,233,25501.0,High
91,234,10573.800000000001,High
91,235,20021.600000000002,High
91,236,32459.2,High
91,237,28835.800000000003,High
91,238,28054.4,High
91,240,14665.6,High
91,241,28282.4,High
91,242,37011.8,High
91,244,35678.200000000004,High
91,247,31490.0,High
91,250,38387.20000000027,High
92,201,3.637978807091713e-12,High
92,215,3.637978807091713e-12,High
92,219,4713.3999999999505,High
92,220,35214.200000000004,High
92,221,21808.0,High
92,224,33267.200000000004,High
92,225,16542.2,High
92,226,11107.800000000001,High
92,227,35212.6,High
92,228,36725.8,High
92,229,17672.0,High
92,230,36654.4,High
92,231,14271.400000000001,High
92,232,33824.200000000004,High
92,233,25501.0,High
92,234,10573.800000000001,High
92,235,20021.600000000002,High
92,236,32459.2,High
92,237,28835.800000000003,High
92,238,28054.4,High
92,240,14665.6,High
92,241,28282.4,High
92,242,37011.8,High
92,244,35678.200000000004,High
92,247,31490.0,High
92,250,7990.00000000008,High
93,180,1.4551915228366852e-11,Medium
93,185,60902.200000000244,Medium
93,187,62509.4,Medium
93,188,46950.8,Medium
93,189,85362.8,Medium
93,191,66796.6,Medium
93,195,83937.20000000001,Medium
93,196,15910.999999999738,Medium
94,220,11679.399999999747,High
94,221,21808.0,High
94,224,33267.200000000004,High
94,225,16542.2,High
94,226,11107.800000000001,High
94,227,35212.6,High
94,228,36725.8,High
94,229,17672.0,High
94,230,36654.4,High
94,231,14271.400000000001,High
94,232,33824.200000000004,High
94,233,25501.0,High
94,234,10573.800000000001,High
94,235,20021.600000000002,High
94,236,32459.2,High
94,237,28835.800000000003,High
94,238,28054.4,High
94,240,14665.6,High
94,241,28282.4,High
94,242,37011.8,High
94,244,35678.200000000004,High
94,247,31490.0,High
94,250,39700.200000000004,High
94,252,19466.600000000002,High
94,254,25242.600000000002,High
94,255,37393.4,High
94,256,16149.2,High
94,258,20809.0,High
94,259,29577.600000000002,High
94,260,31491.0,High
94,261,37334.4,High
94,263,28635.800000000003,High
94,265,19142.8,High
94,266,30589.2,High
94,269,34824.6,High
94,274,5529.800000000214,High
95,187,1.4551915228366852e-11,Medium
95,188,39107.60000000024,Medium
95,189,85362.8,Medium
95,191,66796.6,Medium
95,195,83937.20000000001,Medium
95,196,46762.799999999785,Medium
96,189,38009.5999999996,Medium
96,191,66796.6,Medium
96,195,83937.20000000001,Medium
96,196,52488.600000000384,Medium
97,191,48014.799999999464,Medium
97,195,83937.20000000001,Medium
97,196,94651.0,Medium
97,200,49450.8,Medium
97,202,57196.200000000004,Medium
97,203,20869.000000000517,Medium
98,195,59540.0,Medium
99,195,24397.199999999953,Medium
99,196,94651.0,Medium
99,200,49450.8,Medium
99,202,57196.200000000004,Medium
99,203,46061.200000000004,Medium
99,204,69543.6,Medium
99,205,64195.0,Medium
99,206,61502.4,Medium
99,208,66624.2,Medium
99,209,57030.40000000004,Medium
100,196,94651.0,Medium
100,200,49450.8,Medium
100,202,57196.200000000004,Medium
100,203,46061.200000000004,Medium
100,204,69543.6,Medium
100,205,64195.0,Medium
100,206,61502.4,Medium
100,208,5226.799999999981,Medium
101,196,74139.60000000003,Medium
101,200,49450.8,Medium
101,202,57196.200000000004,Medium
101,203,46061.200000000004,Medium
101,204,69543.6,Medium
101,205,64195.0,Medium
101,206,61502.4,Medium
101,208,66624.2,Medium
101,209,72537.6,Medium
101,210,40700.39999999986,Medium
102,200,49450.8,Medium
102,202,52540.2,Medium
103,200,1.4551915228366852e-11,Medium
103,202,4655.999999999964,Medium
103,203,46061.200000000004,Medium
103,204,69543.6,Medium
103,205,64195.0,Medium
103,206,54295.20000000001,Medium
104,221,21808.0,High
104,224,33267.19999999996,High
104,225,16542.2,High
104,226,11107.79999999999,High
104,227,35212.599999999984,High
104,228,36725.8,High
104,229,17672.0,High
104,230,36654.4,High
104,231,14271.399999999994,High
104,232,33824.19999999996,High
104,233,25501.0,High
104,234,10573.79999999999,High
104,235,20021.600000000002,High
104,236,32459.2,High
104,237,28835.800000000003,High
104,238,28054.4,High
104,240,13794.600000000144,High
105,203,25192.199999999437,Medium
105,204,69543.6,Medium
105,205,64195.0,Medium
105,206,61502.4,Medium
105,208,66624.2,Medium
105,209,72537.6,Medium
105,210,96615.20000000001,Medium
105,211,123559.20000000001,Low
105,214,74742.8,Medium
105,216,53338.0,Medium
105,217,28486.80000000044,Medium
106,206,7207.200000000004,Medium
106,208,66624.2,Medium
106,209,72537.6,Medium
106,210,96615.20000000001,Medium
106,214,74742.8,Medium
106,216,53338.0,Medium
106,217,40899.8,Medium
106,223,68789.2,Medium
106,225,7.275957614183426e-12,High
106,230,1.4551915228366852e-11,High
106,235,407.80000000005384,High
106,236,32459.2,High
106,237,28835.79999999999,High
106,238,28054.4,High
106,239,47693.4,Medium
106,240,14665.6,High
106,241,28282.4,High
106,242,7839.400000000074,High
107,236,7.275957614183426e-12,High
107,238,7.275957614183426e-12,High
107,240,870.9999999998599,High
107,241,28282.4,High
107,242,37011.8,High
107,244,32949.80000000015,High
108,208,61397.399999999994,Medium
108,209,72537.6,Medium
108,210,96615.20000000001,Medium
108,211,123559.20000000001,Low
108,214,49041.59999999998,Medium
109,209,15507.199999999953,Medium
109,210,96615.20000000001,Medium
109,211,123559.20000000001,Low
109,214,74742.8,Medium
109,216,53338.0,Medium
109,217,40899.8,Medium
109,222,154865.4,Low
109,223,68789.2,Medium
109,239,47693.4,Medium
109,243,51774.200000000004,Medium
109,245,57283.200000000004,Medium
109,246,8515.400000000176,Medium
110,210,55914.800000000105,Medium
110,211,123559.20000000001,Low
110,214,62487.99999999988,Medium
111,211,123559.19999999995,Low
111,214,37956.00000000016,Medium
111,216,53338.0,Medium
111,217,40899.8,Medium
111,222,154865.4,Low
111,223,68789.2,Medium
111,239,47693.4,Medium
111,243,51774.200000000004,Medium
111,245,57283.200000000004,Medium
111,246,91337.40000000001,Medium
111,248,44251.19999999994,Medium
112,241,7.275957614183426e-12,High
112,242,29172.39999999992,High
112,244,35678.200000000004,High
112,247,31490.0,High
112,250,39700.200000000004,High
112,252,19466.600000000002,High
112,254,25242.600000000002,High
112,255,18393.000000000076,High
113,244,2728.3999999998123,High
113,247,31490.0,High
113,250,39700.200000000004,High
113,252,19466.600000000002,High
113,254,25242.600000000002,High
113,255,37393.4,High
113,256,16149.2,High
113,258,20809.0,High
113,259,29577.600000000002,High
113,260,31491.0,High
113,261,37334.4,High
113,263,28635.800000000003,High
113,265,19142.8,High
113,266,30589.2,High
113,269,34824.6,High
113,274,22641.600000000002,High
113,276,39956.600000000006,High
113,278,29350.4,High
113,279,36274.6,High
113,280,33058.8,High
113,283,38312.8,High
113,286,33603.0,High
113,287,15328.2,High
113,290,30749.2,High
113,291,17326.2,High
113,293,24598.2,High
113,295,12218.6,High
113,298,21391.600000000002,High
113,299,5250.400000000325,High
114,216,53338.0,Medium
114,217,40899.8,Medium
114,223,68789.2,Medium
114,239,47693.4,Medium
114,243,51774.200000000004,Medium
114,245,57283.200000000004,Medium
114,246,91337.40000000001,Medium
114,248,74378.0,Medium
114,249,96394.8,Medium
114,250,4337.999999999927,High
115,250,28685.199999999684,High
115,252,19466.600000000002,High
115,254,25242.600000000002,High
115,255,37393.4,High
115,256,16149.2,High
115,258,20809.0,High
115,259,29577.600000000002,High
115,260,31491.0,High
115,261,37334.4,High
115,263,28635.800000000003,High
115,265,19142.8,High
115,266,30589.2,High
115,269,34824.6,High
115,274,22641.600000000002,High
115,276,21841.000000000346,High
116,252,19466.59999999998,High
116,254,25242.59999999998,High
116,255,9290.800000000043,High
117,217,12412.999999999549,Medium
117,222,154865.4,Low
117,223,68789.19999999997,Medium
117,239,47693.4,Medium
117,243,51774.200000000004,Medium
117,245,57283.200000000004,Medium
117,246,91337.40000000001,Medium
117,248,74378.0,Medium
117,249,96394.8,Medium
117,251,63276.200000000004,Medium
117,253,57743.20000000041,Medium
118,255,37393.4,High
118,256,16149.2,High
118,258,20809.0,High
118,259,29577.600000000002,High
118,260,31491.0,High
118,261,37334.4,High
118,263,28635.800000000003,High
118,265,19142.8,High
118,266,30589.2,High
118,269,34824.6,High
118,274,22641.600000000002,High
118,276,39956.600000000006,High
118,278,29350.4,High
118,279,36274.6,High
118,280,33058.8,High
118,283,38312.8,High
118,286,33603.0,High
118,287,15328.2,High
118,290,30749.2,High
118,291,17326.2,High
118,293,24598.2,High
118,295,12218.6,High
118,298,21391.600000000002,High
118,299,26414.800000000003,High
118,300,12145.800000000001,High
118,302,31172.800000000003,High
118,303,36171.6,High
118,305,31102.0,High
118,306,20949.600000000002,High
118,307,11160.2,High
118,311,15918.400000000001,High
118,313,37957.6,High
118,315,32125.4,High
118,316,24063.2,High
118,319,17535.80000000008,High
119,239,1.4551915228366852e-11,Medium
119,243,51774.19999999996,Medium
119,245,57283.19999999996,Medium
119,246,91337.40000000001,Medium
119,248,74378.0,Medium
119,249,96394.8,Medium
119,251,34586.40000000007,Medium
120,255,9709.599999999882,High
120,256,16149.2,High
120,258,20809.0,High
120,259,29577.59999999998,High
120,260,31491.0,High
120,261,37334.4,High
120,263,28635.79999999999,High
120,265,19142.799999999992,High
120,266,30589.2,High
120,269,34824.599999999984,High
120,274,22641.600000000002,High
120,276,20587.200000000197,High
121,256,3.637978807091713e-12,High
121,261,1.4551915228366852e-11,High
121,266,7.275957614183426e-12,High
121,274,17111.79999999976,High
121,276,39956.600000000006,High
121,278,29350.4,High
121,279,36274.6,High
121,280,33058.8,High
121,283,38312.8,High
121,286,33603.0,High
121,287,15328.2,High
121,290,30749.2,High
121,291,17326.2,High
121,293,24598.2,High
121,295,12218.6,High
121,298,21391.600000000002,High
121,299,26414.800000000003,High
121,300,12145.800000000001,High
121,302,31172.800000000003,High
121,303,36171.6,High
121,305,31102.0,High
121,306,20949.600000000002,High
121,307,11160.2,High
121,311,15918.400000000001,High
121,313,37957.6,High
121,315,32125.4,High
121,316,24063.2,High
121,319,25515.0,High
121,322,24006.2,High
121,323,27584.4,High
121,324,34809.200000000004,High
121,326,38407.6,High
121,328,33766.8,High
121,334,14535.400000000001,High
121,337,16204.800000000001,High
121,339,35562.6,High
121,341,29057.0,High
121,342,32212.60000000023,High
122,246,82821.99999999972,Medium
122,248,74378.0,Medium
122,249,96394.8,Medium
122,251,63276.200000000004,Medium
122,253,66901.6,Medium
122,257,49875.4,Medium
122,262,85146.40000000001,Medium
122,264,30727.600000000282,Medium
123,222,154865.4,Low
123,248,30126.800000000047,Medium
123,249,96394.8,Medium
123,251,63276.200000000004,Medium
123,253,66901.6,Medium
123,257,49875.4,Medium
123,262,79631.79999999993,Medium
124,222,88304.0,Low
125,249,2.9103830456733704e-11,Medium
125,251,63276.200000000004,Medium
125,253,66901.6,Medium
125,257,49875.4,Medium
125,262,85146.40000000001,Medium
125,264,74367.2,Medium
125,267,61196.600000000006,Medium
125,268,77512.6,Medium
125,270,56597.8,Medium
125,271,20125.19999999988,Medium
126,276,37484.99999999943,High
126,278,29350.4,High
126,279,36274.6,High
126,280,33058.8,High
126,283,38312.8,High
126,286,33603.0,High
126,287,15328.2,High
126,290,30749.2,High
126,291,17326.2,High
126,293,24598.2,High
126,295,12218.6,High
126,298,21391.600000000002,High
126,299,26414.800000000003,High
126,300,12145.800000000001,High
126,302,13335.800000000587,High
127,278,29350.4,High
127,279,36274.599999999984,High
127,280,33058.8,High
127,283,38312.8,High
127,286,33603.0,High
127,287,15328.2,High
127,290,30749.2,High
127,291,17326.2,High
127,293,24598.2,High
127,295,12218.6,High
127,298,21391.59999999998,High
127,299,26414.800000000003,High
127,300,12145.800000000001,High
127,302,31172.800000000003,High
127,303,36171.6,High
127,305,31102.0,High
127,306,20949.600000000002,High
127,307,11160.2,High
127,311,15918.400000000001,High
127,313,37957.6,High
127,315,32125.4,High
127,316,24063.2,High
127,319,25515.0,High
127,322,24006.2,High
127,323,27584.4,High
127,324,8775.399999999987,High
128,222,66561.39999999994,Low
128,251,28689.79999999988,Medium
128,253,66901.6,Medium
128,257,39683.200000000186,Medium
129,253,9158.399999999558,Medium
129,257,49875.4,Medium
129,262,85146.40000000001,Medium
129,264,14759.80000000044,Medium
130,257,10192.19999999983,Medium
130,262,85146.40000000001,Medium
130,264,74367.2,Medium
130,267,61196.600000000006,Medium
130,268,77512.6,Medium
130,270,56597.8,Medium
130,271,99671.20000000001,Medium
130,272,75654.8,Medium
130,273,72741.40000000001,Medium
130,278,7.275957614183426e-12,High
130,281,64803.8,Medium
130,282,53145.200000000004,Medium
130,284,93649.20000000001,Medium
130,285,50247.60000000021,Medium
131,262,5514.600000000006,Medium
131,264,74367.2,Medium
131,267,61196.600000000006,Medium
131,268,77512.6,Medium
131,270,56597.8,Medium
131,271,40328.2,Medium
132,264,74367.2,Medium
132,267,61196.600000000006,Medium
132,268,77512.6,Medium
132,270,56597.8,Medium
132,271,99671.20000000001,Medium
132,272,75654.8,Medium
132,273,72741.40000000001,Medium
132,275,159194.40000000002,Low
132,277,40585.00000000006,Low
133,264,28879.79999999926,Medium
133,267,61196.59999999998,Medium
133,268,77512.6,Medium
133,270,56597.8,Medium
133,271,99671.20000000001,Medium
133,272,75654.8,Medium
133,273,72741.40000000001,Medium
133,281,64803.8,Medium
133,282,53145.200000000004,Medium
133,284,81616.8000000008,Medium
134,287,3.637978807091713e-12,High
134,290,7.275957614183426e-12,High
134,291,7.275957614183426e-12,High
134,293,7.275957614183426e-12,High
134,295,3.637978807091713e-12,High
134,299,21164.39999999966,High
134,300,12145.79999999999,High
134,302,31172.800000000003,High
134,303,36171.6,High
134,305,31102.0,High
134,306,20949.600000000002,High
134,307,11160.2,High
134,311,15918.400000000001,High
134,313,37957.6,High
134,315,32125.4,High
134,316,24063.2,High
134,319,25515.0,High
134,322,24006.2,High
134,323,27584.4,High
134,324,34809.200000000004,High
134,326,38407.6,High
134,328,33766.8,High
134,334,14535.400000000001,High
134,337,16204.800000000001,High
134,339,35562.6,High
134,341,29057.0,High
134,342,39282.0,High
134,344,10610.2,High
134,348,24704.600000000002,High
134,354,27334.4,High
134,355,24769.4,High
134,357,15650.2,High
134,359,32513.2,High
134,360,15189.0,High
134,366,36444.4,High
134,368,30047.0,High
134,371,13379.2,High
134,372,36159.6,High
134,374,37775.4,High
134,375,11047.400000000001,High
134,377,20804.00000000045,High
135,270,1.4551915228366852e-11,Medium
135,271,99671.20000000001,Medium
135,272,75654.8,Medium
135,273,72741.40000000001,Medium
135,281,64803.8,Medium
135,282,53145.200000000004,Medium
135,284,69760.59999999998,Medium
136,271,39217.80000000005,Medium
136,272,75654.8,Medium
136,273,72741.39999999992,Medium
136,281,64803.8,Medium
136,282,53145.200000000004,Medium
136,284,93649.20000000001,Medium
136,285,76281.6,Medium
136,288,73131.2,Medium
136,289,72763.40000000001,Medium
136,292,53285.59999999998,Medium
137,302,17836.999999999403,High
137,303,36171.599999999984,High
137,305,31102.0,High
137,306,20949.59999999998,High
137,307,11160.2,High
137,311,15918.399999999994,High
137,313,37957.599999999984,High
137,315,32125.4,High
137,316,24063.2,High
137,319,25515.0,High
137,322,24006.2,High
137,323,27584.4,High
137,324,34809.200000000004,High
137,326,38407.6,High
137,328,33766.8,High
137,334,14535.400000000001,High
137,337,16204.800000000001,High
137,339,35562.6,High
137,341,29057.0,High
137,342,39282.0,High
137,344,10610.2,High
137,348,24704.600000000002,High
137,354,20307.200000000583,High
138,272,2.9103830456733704e-11,Medium
138,281,64803.8,Medium
138,282,53145.19999999996,Medium
138,284,93649.20000000001,Medium
138,285,76281.6,Medium
138,288,73131.2,Medium
138,289,72763.40000000001,Medium
138,292,88457.8,Medium
138,296,43614.0,Medium
138,297,99584.20000000001,Medium
138,301,1865.5999999999185,Medium
139,307,3.637978807091713e-12,High
139,315,7.275957614183426e-12,High
139,316,7.275957614183426e-12,High
139,319,7979.199999999924,High
139,322,24006.2,High
139,323,27584.4,High
139,324,34809.200000000004,High
139,326,38407.6,High
139,328,33766.8,High
139,334,14535.400000000001,High
139,337,16204.800000000001,High
139,339,35562.6,High
139,341,29057.0,High
139,342,39282.0,High
139,344,10610.2,High
139,348,24704.600000000002,High
139,354,27334.4,High
139,355,24769.4,High
139,357,15650.2,High
139,359,32513.2,High
139,360,15189.0,High
139,366,36444.4,High
139,368,30047.0,High
139,371,13379.2,High
139,372,36159.6,High
139,374,37775.4,High
139,375,11047.400000000001,High
139,377,32909.6,High
139,379,38914.4,High
139,382,13392.800000000001,High
139,383,32685.800000000003,High
139,387,23443.0,High
139,390,28693.600000000002,High
139,391,11887.0,High
139,394,25756.2,High
139,395,18783.8,High
139,396,34234.4,High
139,397,28951.600000000002,High
139,400,24257.60000000006,High
140,322,7.275957614183426e-12,High
140,323,7.275957614183426e-12,High
140,324,26033.799999999974,High
140,326,38407.599999999984,High
140,328,33766.8,High
140,334,14535.399999999994,High
140,337,16204.79999999999,High
140,339,35562.599999999984,High
140,341,29057.0,High
140,342,39282.0,High
140,344,10610.2,High
140,348,24704.600000000002,High
140,354,27334.4,High
140,355,24769.4,High
140,357,15650.2,High
140,359,32513.2,High
140,360,15189.0,High
140,366,36444.4,High
140,368,30047.0,High
140,371,13379.2,High
140,372,36159.6,High
140,374,37775.4,High
140,375,11047.400000000001,High
140,377,32909.6,High
140,379,18255.400000000103,High
141,275,159194.40000000002,Low
141,277,153112.80000000002,Low
141,281,1.4551915228366852e-11,Medium
141,284,35920.999999999185,Medium
141,285,76281.6,Medium
141,288,73131.2,Medium
141,289,72763.40000000001,Medium
141,292,88457.8,Medium
141,294,4093.800000000745,Low
142,285,76281.6,Medium
142,288,73131.2,Medium
142,289,72763.40000000001,Medium
142,292,88457.8,Medium
142,296,43614.0,Medium
142,297,99584.20000000001,Medium
142,301,86157.0,Medium
142,304,81828.20000000001,Medium
142,308,67055.60000000003,Medium
143,285,26033.999999999767,Medium
143,288,73131.19999999997,Medium
143,289,72763.39999999992,Medium
143,292,88457.8,Medium
143,296,43614.0,Medium
143,297,99584.20000000001,Medium
143,301,86157.0,Medium
143,304,81828.20000000001,Medium
143,308,70052.40000000001,Medium
143,310,87072.40000000001,Medium
143,312,94558.20000000001,Medium
143,314,83992.6,Medium
143,318,75563.6000000003,Medium
144,275,159194.40000000002,Low
144,277,153112.80000000002,Low
144,292,35172.20000000004,Medium
144,294,40017.59999999992,Low
145,275,159194.40000000002,Low
145,277,98674.59999999998,Low
146,296,43614.0,Medium
146,297,72339.0,Medium
147,296,43614.0,Medium
147,297,99584.20000000001,Medium
147,301,86157.0,Medium
147,304,81828.20000000001,Medium
147,308,70052.40000000001,Medium
147,310,87072.40000000001,Medium
147,312,94558.20000000001,Medium
147,314,83992.6,Medium
147,318,92902.40000000001,Medium
147,320,93759.8,Medium
147,321,60368.80000000003,Medium
148,275,159194.3999999999,Low
148,277,153112.80000000002,Low
148,294,100802.8,Low
148,297,27245.199999999953,Medium
148,301,86157.0,Medium
148,304,23815.800000000105,Medium
149,277,153112.80000000002,Low
149,294,100802.8,Low
149,301,84291.40000000008,Medium
149,304,81828.20000000001,Medium
149,308,70052.40000000001,Medium
149,309,188581.0,Low
149,310,87072.40000000001,Medium
149,312,91048.99999999978,Medium
150,342,7069.399999999761,High
150,344,10610.2,High
150,348,24704.59999999998,High
150,354,10882.800000000261,High
151,277,13853.199999999895,Low
151,294,100802.8,Low
151,304,18089.000000000102,Medium
152,294,100802.8,Low
152,304,39923.39999999975,Medium
152,308,70052.40000000001,Medium
152,309,188581.0,Low
152,310,87072.40000000001,Medium
152,312,94558.20000000001,Medium
152,314,83992.6,Medium
152,317,151613.4,Low
152,318,92902.40000000001,Medium
152,320,16521.400000000096,Medium
153,308,2996.799999999901,Medium
153,310,87072.39999999992,Medium
153,312,94558.20000000001,Medium
153,314,83992.6,Medium
153,318,92902.40000000001,Medium
153,320,93759.8,Medium
153,321,87509.8,Medium
153,325,46419.4,Medium
153,327,64972.4,Medium
153,329,58769.600000000006,Medium
153,330,50584.200000000004,Medium
153,331,76159.6,Medium
153,332,35247.800000000076,Medium
154,354,23478.799999999163,High
154,355,24769.4,High
154,357,15650.2,High
154,359,32513.2,High
154,360,15189.0,High
154,366,36444.4,High
154,368,30047.0,High
154,371,13379.2,High
154,372,15692.800000000821,High
155,294,56691.39999999937,Low
155,309,188581.0,Low
155,312,3509.2000000001863,Medium
155,314,83992.6,Medium
155,317,151613.4,Low
155,318,92902.40000000001,Medium
155,320,8336.00000000048,Medium
156,318,17338.79999999961,Medium
156,320,93759.8,Medium
156,321,70385.40000000039,Medium
157,355,24769.4,High
157,357,15650.2,High
157,359,32513.2,High
157,360,15189.0,High
157,366,36444.4,High
157,368,30047.0,High
157,371,13379.2,High
157,372,36159.6,High
157,374,37775.4,High
157,375,11047.400000000001,High
157,377,32909.6,High
157,379,38914.4,High
157,382,13392.800000000001,High
157,383,32685.800000000003,High
157,387,23443.0,High
157,390,28693.600000000002,High
157,391,11887.0,High
157,394,25756.2,High
157,395,18783.8,High
157,396,34234.4,High
157,397,28951.600000000002,High
157,400,30837.0,High
157,401,8366.99999999997,High
158,309,188581.0,Low
158,317,151613.4,Low
158,320,93759.8,Medium
158,321,87509.8,Medium
158,325,46419.4,Medium
158,327,64972.4,Medium
158,329,58769.600000000006,Medium
158,330,50584.200000000004,Medium
158,331,76159.6,Medium
158,332,65228.200000000004,Medium
158,333,58725.599999999926,Medium
159,355,7.275957614183426e-12,High
159,357,3.637978807091713e-12,High
159,359,7.275957614183426e-12,High
159,366,1.4551915228366852e-11,High
159,371,3.637978807091713e-12,High
159,372,20466.799999999166,High
159,374,37775.4,High
159,375,11047.399999999994,High
159,377,32909.6,High
159,379,8492.800000000832,High
160,320,68902.39999999948,Medium
160,321,87509.8,Medium
160,325,46419.4,Medium
160,327,64972.4,Medium
160,329,2352.0000000004875,Medium
161,321,44265.3999999996,Medium
161,325,46419.4,Medium
161,327,64972.4,Medium
161,329,58769.600000000006,Medium
161,330,50584.200000000004,Medium
161,331,8981.000000000386,Medium
162,325,46419.4,Medium
162,327,64972.4,Medium
162,329,58769.600000000006,Medium
162,330,50584.200000000004,Medium
162,331,76159.6,Medium
162,332,65228.200000000004,Medium
162,333,76274.40000000001,Medium
162,335,51121.8,Medium
162,336,77241.3999999999,Medium
163,325,1.4551915228366852e-11,Medium
163,327,1.4551915228366852e-11,Medium
163,329,56417.59999999948,Medium
163,330,50584.19999999996,Medium
163,331,76159.6,Medium
163,332,65228.200000000004,Medium
163,333,76274.40000000001,Medium
163,335,51121.8,Medium
163,336,85579.40000000001,Medium
163,338,54062.600000000006,Medium
163,340,76815.6,Medium
163,343,62726.4,Medium
163,345,75963.8,Medium
163,346,57447.0,Medium
163,347,79496.8,Medium
163,349,12979.600000000544,Medium
164,309,188581.0,Low
164,317,151613.4,Low
164,331,67178.59999999963,Medium
164,332,65228.200000000004,Medium
164,333,76274.40000000001,Medium
164,335,51121.8,Medium
164,336,13046.600000000326,Medium
165,374,1.4551915228366852e-11,High
165,377,12105.599999999526,High
165,379,38914.4,High
165,382,13392.800000000001,High
165,383,32685.800000000003,High
165,387,23443.0,High
165,390,28693.600000000002,High
165,391,11887.0,High
165,394,25756.2,High
165,395,18783.8,High
165,396,34234.4,High
165,397,28951.600000000002,High
165,400,30837.0,High
165,401,14609.800000000001,High
165,402,29623.2,High
165,404,35226.200000000004,High
165,406,14657.800000000001,High
165,408,18395.0,High
165,410,13272.800000000001,High
165,411,37136.6,High
165,415,30836.4,High
165,416,28940.800000000003,High
165,417,19823.0,High
165,420,39828.600000000006,High
165,424,11140.600000000457,High
166,332,29980.399999999914,Medium
166,333,76274.40000000001,Medium
166,335,51121.8,Medium
166,336,85579.40000000001,Medium
166,338,54062.600000000006,Medium
166,340,76815.6,Medium
166,343,62726.4,Medium
166,345,75963.8,Medium
166,346,57447.0,Medium
166,347,79496.8,Medium
166,349,87235.0,Medium
166,350,4391.800000000032,Medium
167,317,151613.39999999994,Low
167,333,17548.800000000017,Medium
167,335,51121.8,Medium
167,336,85579.40000000001,Medium
167,338,54062.600000000006,Medium
167,340,76815.6,Medium
167,343,62726.4,Medium
167,345,75963.8,Medium
167,346,57447.0,Medium
167,347,79496.8,Medium
167,349,87235.0,Medium
167,350,58895.200000000004,Medium
167,351,25221.20000000002,Medium
168,335,1.4551915228366852e-11,Medium
168,336,80870.79999999971,Medium
168,338,54062.600000000006,Medium
168,340,29418.600000000282,Medium
169,338,54062.59999999998,Medium
169,340,76815.6,Medium
169,343,62726.4,Medium
169,345,75963.8,Medium
169,346,57447.0,Medium
169,347,79496.8,Medium
169,349,87235.0,Medium
169,350,58895.200000000004,Medium
169,351,86768.20000000001,Medium
169,352,95832.6,Medium
169,353,84573.20000000001,Medium
169,356,82141.20000000001,Medium
169,358,17516.399999999936,Medium
170,340,47396.99999999972,Medium
170,343,62726.4,Medium
170,345,25875.600000000275,Medium
171,343,1.4551915228366852e-11,Medium
171,345,50088.19999999976,Medium
171,346,17866.80000000023,Medium
172,346,39580.19999999977,Medium
172,347,79496.8,Medium
172,349,87235.0,Medium
172,350,58895.200000000004,Medium
172,351,86768.20000000001,Medium
172,352,95832.6,Medium
172,353,84573.20000000001,Medium
172,356,82141.20000000001,Medium
172,358,60696.200000000004,Medium
172,362,46443.4,Medium
172,363,41661.600000000006,Medium
172,364,93618.6,Medium
172,365,17330.800000000192,Medium
173,347,2.9103830456733704e-11,Medium
173,349,74255.39999999944,Medium
173,350,46384.60000000053,Medium
174,350,58895.200000000004,Medium
174,351,86768.20000000001,Medium
174,352,95832.6,Medium
174,353,5085.999999999971,Medium
175,350,8118.799999999384,Medium
175,351,86768.20000000001,Medium
175,352,95832.6,Medium
175,353,84573.20000000001,Medium
175,356,82141.20000000001,Medium
175,358,60696.200000000004,Medium
175,361,170599.2,Low
175,362,46443.4,Medium
175,363,41661.600000000006,Medium
175,364,93618.6,Medium
175,365,23633.00000000067,Medium
176,351,61546.99999999994,Medium
176,352,95832.6,Medium
176,353,84573.20000000001,Medium
176,356,82141.20000000001,Medium
176,358,60696.200000000004,Medium
176,362,46443.4,Medium
176,363,19339.399999999987,Medium
177,352,2.9103830456733704e-11,Medium
177,353,79487.19999999998,Medium
177,356,82141.19999999995,Medium
177,358,60696.200000000004,Medium
177,362,46443.4,Medium
177,363,41661.600000000006,Medium
177,364,93618.6,Medium
177,365,71646.80000000008,Medium
178,379,38914.4,High
178,382,13392.800000000001,High
178,383,32685.800000000003,High
178,387,23443.0,High
178,390,3040.0,High
179,358,43179.800000000054,Medium
179,361,170599.2,Low
179,362,46443.4,Medium
179,363,41661.600000000006,Medium
179,364,55070.99999999994,Medium
180,362,1.4551915228366852e-11,Medium
180,363,22322.199999999983,Medium
180,364,93618.6,Medium
180,365,76612.40000000001,Medium
180,367,24726.800000000003,Medium
181,361,170599.2,Low
181,364,38547.60000000009,Medium
181,365,76612.40000000001,Medium
181,367,84110.40000000001,Medium
181,369,54948.0,Medium
181,370,85182.6,Medium
181,373,75449.40000000001,Medium
181,376,44011.200000000004,Medium
181,378,66883.0,Medium
181,380,29166.199999999895,Medium
182,379,12166.199999999066,High
182,382,13392.79999999999,High
182,383,32685.79999999999,High
182,387,23443.0,High
182,390,28693.600000000002,High
182,391,11887.0,High
182,394,25756.2,High
182,395,18783.8,High
182,396,34234.4,High
182,397,28951.600000000002,High
182,400,30837.0,High
182,401,14609.800000000001,High
182,402,29623.2,High
182,404,35226.200000000004,High
182,406,14657.800000000001,High
182,408,18395.0,High
182,410,13272.800000000001,High
182,411,37136.6,High
182,415,30836.4,High
182,416,28940.800000000003,High
182,417,19823.0,High
182,420,39828.600000000006,High
182,424,28336.0,High
182,426,30208.4,High
182,428,30738.2,High
182,429,13003.800000000923,High
183,390,25653.59999999998,High
183,391,11887.0,High
183,394,25756.2,High
183,395,18783.799999999992,High
183,396,34234.4,High
183,397,28951.59999999998,High
183,400,30837.0,High
183,401,14609.800000000001,High
183,402,29623.2,High
183,404,35226.200000000004,High
183,406,14657.800000000001,High
183,408,18395.0,High
183,410,13272.800000000001,High
183,411,37136.6,High
183,415,30836.4,High
183,416,28940.800000000003,High
183,417,19823.0,High
183,420,39828.600000000006,High
183,424,28336.0,High
183,426,30208.4,High
183,428,30738.2,High
183,429,17660.8,High
183,431,31788.0,High
183,433,38646.6,High
183,434,29506.4,High
183,437,28601.600000000002,High
183,439,27733.600000000002,High
183,440,26972.600000000068,High
184,361,170599.2,Low
184,365,76612.40000000001,Medium
184,367,84110.40000000001,Medium
184,369,54948.0,Medium
184,370,85182.6,Medium
184,373,75449.40000000001,Medium
184,376,44011.200000000004,Medium
184,378,66883.0,Medium
184,380,29347.79999999993,Medium
185,365,40614.19999999905,Medium
185,367,84110.40000000001,Medium
185,369,54948.0,Medium
185,370,85182.6,Medium
185,373,75449.40000000001,Medium
185,376,44011.200000000004,Medium
185,378,66883.0,Medium
185,380,45875.0,Medium
185,381,68146.8,Medium
185,384,90552.8,Medium
185,385,78142.0,Medium
185,386,83227.8,Medium
185,388,68871.2,Medium
185,389,18867.600000000966,Medium
186,394,7.275957614183426e-12,High
186,396,1.4551915228366852e-11,High
186,400,6579.399999999936,High
186,401,14609.800000000001,High
186,402,29623.2,High
186,404,35226.200000000004,High
186,406,14657.800000000001,High
186,408,18395.0,High
186,410,13272.800000000001,High
186,411,37136.6,High
186,415,30836.4,High
186,416,28940.800000000003,High
186,417,19823.0,High
186,420,39828.600000000006,High
186,424,28336.0,High
186,426,30208.4,High
186,428,30738.2,High
186,429,17660.8,High
186,431,31788.0,High
186,433,36907.00000000012,High
187,367,84110.40000000001,Medium
187,369,54948.0,Medium
187,370,85182.6,Medium
187,373,11899.99999999997,Medium
188,367,59383.59999999993,Medium
188,369,54948.0,Medium
188,370,85182.6,Medium
188,373,75449.40000000001,Medium
188,376,44011.200000000004,Medium
188,378,66883.0,Medium
188,380,45875.0,Medium
188,381,68146.8,Medium
188,384,90552.8,Medium
188,385,78142.0,Medium
188,386,83227.8,Medium
188,388,68871.2,Medium
188,389,80772.20000000001,Medium
188,392,46874.400000000096,Medium
189,361,170599.2,Low
189,373,63549.39999999995,Medium
189,376,44011.19999999996,Medium
189,378,66883.0,Medium
189,380,45875.0,Medium
189,381,68146.8,Medium
189,384,90552.8,Medium
189,385,78142.0,Medium
189,386,56976.60000000009,Medium
190,380,33236.000000000175,Medium
190,381,68146.8,Medium
190,384,90552.8,Medium
190,385,78142.0,Medium
190,386,83227.8,Medium
190,388,68871.2,Medium
190,389,80772.20000000001,Medium
190,392,75030.0,Medium
190,393,10706.199999999779,Medium
191,401,6242.800000000019,High
191,402,29623.2,High
191,404,35226.19999999996,High
191,406,14657.79999999999,High
191,408,18395.0,High
191,410,13272.79999999999,High
191,411,37136.599999999984,High
191,415,30836.4,High
191,416,28940.79999999999,High
191,417,13699.400000000074,High
192,402,7.275957614183426e-12,High
192,415,7.275957614183426e-12,High
192,417,6123.599999999926,High
192,420,39828.59999999998,High
192,424,28336.0,High
192,426,30208.4,High
192,428,30738.2,High
192,429,17660.8,High
192,431,31788.0,High
192,433,38646.6,High
192,434,29506.4,High
192,437,28601.600000000002,High
192,439,27733.600000000002,High
192,440,32917.0,High
192,445,26549.0,High
192,448,36296.8,High
192,450,31178.2,High
192,451,22138.4,High
192,453,18885.0,High
192,455,13777.6,High
192,457,19459.0,High
192,464,37685.8,High
192,466,18962.2,High
192,468,24236.0,High
192,469,32571.2,High
192,473,36360.0,High
192,477,25891.800000000003,High
192,479,21832.600000000002,High
192,480,20386.800000000003,High
192,481,20819.600000000002,High
192,485,30559.0,High
192,486,38440.4,High
192,487,27501.600000000002,High
192,488,33664.8,High
192,493,27956.0,High
192,499,24892.0,High
192,500,30526.800000000003,High
192,504,5572.600000000035,High
193,381,68146.8,Medium
193,384,90552.8,Medium
193,385,10480.399999999994,Medium
194,381,2.9103830456733704e-11,Medium
194,384,2.9103830456733704e-11,Medium
194,385,67661.6,Medium
194,386,48572.399999999936,Medium
195,386,60906.59999999999,Medium
195,388,68871.2,Medium
195,389,80772.20000000001,Medium
195,392,75030.0,Medium
195,393,50258.600000000006,Medium
195,398,51820.200000000004,Medium
195,399,97758.0,Medium
195,403,53677.0,Medium
195,405,75148.20000000001,Medium
196,424,17195.399999999543,High
196,426,30208.4,High
196,428,30738.2,High
196,429,17660.8,High
196,431,31788.0,High
196,433,38646.6,High
196,434,29506.4,High
196,437,28601.600000000002,High
196,439,4006.600000000446,High
197,426,7.275957614183426e-12,High
197,428,7.275957614183426e-12,High
197,429,4656.999999999076,High
197,431,31788.0,High
197,433,38646.6,High
197,434,29506.4,High
197,437,24861.00000000093,High
198,433,1739.5999999998749,High
198,434,29506.4,High
198,437,28601.600000000002,High
198,439,27733.600000000002,High
198,440,32917.0,High
198,445,26549.0,High
198,448,36296.8,High
198,450,31178.2,High
198,451,22138.4,High
198,453,18885.0,High
198,455,13777.6,High
198,457,19459.0,High
198,464,37685.8,High
198,466,18962.2,High
198,468,24236.0,High
198,469,32571.2,High
198,473,36360.0,High
198,477,21397.60000000018,High
199,434,7.275957614183426e-12,High
199,437,3740.599999999049,High
199,439,27733.600000000002,High
199,440,32917.0,High
199,445,26549.0,High
199,448,36296.8,High
199,450,31178.2,High
199,451,22138.4,High
199,453,18885.0,High
199,455,13777.6,High
199,457,19459.0,High
199,464,12328.800000000949,High
200,388,68871.19999999997,Medium
200,389,80772.20000000001,Medium
200,392,75030.0,Medium
200,393,50258.600000000006,Medium
200,398,51820.200000000004,Medium
200,399,97758.0,Medium
200,403,53677.0,Medium
200,405,37964.80000000002,Medium
201,389,61904.59999999899,Medium
201,392,75030.0,Medium
201,393,50258.600000000006,Medium
201,398,51820.200000000004,Medium
201,399,97758.0,Medium
201,403,53677.0,Medium
201,405,79297.8,Medium
201,407,94393.40000000001,Medium
201,409,41908.0,Medium
201,412,45532.600000000006,Medium
201,413,50398.200000000004,Medium
201,414,77750.2,Medium
201,418,83859.0,Medium
201,419,78392.40000000001,Medium
201,421,49990.00000000106,Low
202,392,28155.59999999992,Medium
202,393,50258.600000000006,Medium
202,398,51820.200000000004,Medium
202,399,97758.0,Medium
202,403,53677.0,Medium
202,405,79297.8,Medium
202,407,94393.40000000001,Medium
202,409,41908.0,Medium
202,412,45532.600000000006,Medium
202,413,50398.200000000004,Medium
202,414,77750.2,Medium
202,418,83859.0,Medium
202,419,20447.400000000183,Medium
203,439,23726.999999999538,High
203,440,32917.0,High
203,445,26549.0,High
203,448,25970.000000000466,High
204,393,39552.4000000002,Medium
204,398,51820.19999999996,Medium
204,399,97758.0,Medium
204,403,53677.0,Medium
204,405,79297.8,Medium
204,407,94393.40000000001,Medium
204,409,41908.0,Medium
204,412,45532.600000000006,Medium
204,413,21913.599999999846,Medium
205,405,45482.600000000006,Medium
205,407,56451.399999999994,Medium
206,407,94393.40000000001,Medium
206,409,41908.0,Medium
206,412,45532.600000000006,Medium
206,413,50398.200000000004,Medium
206,414,77750.2,Medium
206,418,83859.0,Medium
206,419,78392.40000000001,Medium
206,421,138069.4,Low
206,422,159951.80000000002,Low
207,407,37941.99999999993,Medium
207,409,41908.0,Medium
207,412,45532.59999999998,Medium
207,413,50398.200000000004,Medium
207,414,77750.2,Medium
207,418,83859.0,Medium
207,419,78392.40000000001,Medium
207,423,42387.600000000006,Medium
207,425,17353.000000000044,Medium
208,413,28484.60000000013,Medium
208,414,77750.19999999997,Medium
208,418,83859.0,Medium
208,419,78392.40000000001,Medium
208,421,138069.4,Low
208,422,193117.0,Low
208,423,42387.600000000006,Medium
208,425,40800.0,Medium
208,427,90298.40000000001,Medium
208,430,56597.200000000004,Medium
208,432,60774.19999999989,Medium
209,419,57944.99999999972,Medium
209,421,138069.4,Low
209,422,193117.0,Low
209,423,42387.600000000006,Medium
209,425,40800.0,Medium
209,427,31818.00000000032,Medium
210,423,42387.600000000006,Medium
210,425,13098.399999999994,Medium
211,423,42387.59999999998,Medium
211,425,40800.0,Medium
211,427,90298.40000000001,Medium
211,430,15921.000000000015,Medium
212,425,40800.0,Medium
212,427,90298.40000000001,Medium
212,430,56597.200000000004,Medium
212,432,93103.40000000001,Medium
212,435,60077.200000000004,Medium
212,436,45470.0,Medium
212,438,45070.200000000004,Medium
212,440,5944.399999999936,High
212,441,81573.8,Medium
212,442,53190.600000000006,Medium
212,443,96500.40000000001,Medium
212,444,40653.4,Medium
212,445,26549.0,High
212,446,71432.8,Medium
212,447,42267.600000000006,Medium
212,448,36296.8,High
212,449,37506.80000000002,Medium
213,421,138069.4,Low
213,422,193117.0,Low
213,425,10348.599999999948,Medium
213,427,90298.40000000001,Medium
213,430,56597.200000000004,Medium
213,432,93103.40000000001,Medium
213,435,60077.200000000004,Medium
213,436,45470.0,Medium
213,438,13226.799999999952,Medium
214,448,10326.799999999537,High
214,450,31178.2,High
214,451,22138.4,High
214,453,18885.0,High
214,455,13777.6,High
214,457,19459.0,High
214,464,37685.8,High
214,466,18962.2,High
214,468,24236.0,High
214,469,32571.2,High
214,473,36360.0,High
214,477,25891.800000000003,High
214,479,21832.600000000002,High
214,480,20386.800000000003,High
214,481,20819.600000000002,High
214,485,30559.0,High
214,486,38440.4,High
214,487,27501.600000000002,High
214,488,33664.8,High
214,493,27956.0,High
214,499,24892.0,High
214,500,30526.800000000003,High
214,504,10308.400000000001,High
214,505,14335.400000000001,High
214,509,28621.0,High
214,510,13813.0,High
214,511,27618.4,High
214,517,14335.200000000528,High
215,421,88079.39999999892,Low
215,422,182104.60000000108,Low
216,427,58480.39999999957,Medium
216,430,56597.200000000004,Medium
216,432,93103.40000000001,Medium
216,435,60077.200000000004,Medium
216,436,45470.0,Medium
216,438,45070.200000000004,Medium
216,441,81573.8,Medium
216,442,53190.600000000006,Medium
216,443,96500.40000000001,Medium
216,444,40653.4,Medium
216,446,71432.8,Medium
216,447,14340.600000000428,Medium
217,450,31178.2,High
217,451,22138.4,High
217,453,18885.0,High
217,455,13777.6,High
217,457,19459.0,High
217,464,37685.8,High
217,466,18962.2,High
217,468,24236.0,High
217,469,32571.2,High
217,473,36360.0,High
217,477,25891.800000000003,High
217,479,21832.600000000002,High
217,480,20386.800000000003,High
217,481,20819.600000000002,High
217,485,30559.0,High
217,486,24908.79999999996,High
218,430,40676.19999999996,Medium
218,432,93103.40000000001,Medium
218,435,60077.200000000004,Medium
218,436,45470.0,Medium
218,438,45070.200000000004,Medium
218,441,81573.8,Medium
218,442,53190.600000000006,Medium
218,443,96500.40000000001,Medium
218,444,40653.4,Medium
218,446,71432.8,Medium
218,447,42267.600000000006,Medium
218,449,41508.600000000006,Medium
218,450,7.275957614183426e-12,High
218,451,7.275957614183426e-12,High
218,452,84031.20000000001,Medium
218,454,15759.600000000035,Medium
219,455,3.637978807091713e-12,High
219,464,25356.999999999054,High
219,466,18962.2,High
219,468,24236.0,High
219,469,32571.2,High
219,473,36360.0,High
219,477,25891.800000000003,High
219,479,21832.600000000002,High
219,480,20386.800000000003,High
219,481,20819.600000000002,High
219,485,30559.0,High
219,486,38440.4,High
219,487,27501.600000000002,High
219,488,33664.8,High
219,493,27956.0,High
219,499,24892.0,High
219,500,30526.800000000003,High
219,504,10308.400000000001,High
219,505,14335.400000000001,High
219,509,28621.0,High
219,510,13813.0,High
219,511,27618.4,High
219,517,36479.200000000004,High
219,520,13974.0,High
219,522,15358.0,High
219,524,15057.800000000001,High
219,525,13097.0,High
219,526,18896.4,High
219,527,27237.600000000002,High
219,529,17858.00000000106,High
220,432,32329.20000000004,Medium
220,435,60077.19999999996,Medium
220,436,45470.0,Medium
220,438,45070.200000000004,Medium
220,441,81573.8,Medium
220,442,53190.600000000006,Medium
220,443,54998.999999999956,Medium
221,438,31843.4,Medium
221,441,81573.8,Medium
221,442,53190.59999999998,Medium
221,443,81167.20000000001,Medium
222,422,44177.59999999887,Low
222,441,2.9103830456733704e-11,Medium
222,443,56834.59999999998,Medium
222,444,40653.4,Medium
222,446,71432.8,Medium
222,447,42267.600000000006,Medium
222,449,41508.600000000006,Medium
222,452,42461.400000001086,Medium
223,444,40653.4,Medium
223,446,71432.8,Medium
223,447,42267.600000000006,Medium
223,449,41508.600000000006,Medium
223,452,84031.20000000001,Medium
223,454,47751.200000000004,Medium
223,456,73361.40000000001,Medium
223,458,62870.4,Medium
223,459,57199.8,Medium
223,460,43591.0,Medium
223,461,99997.0,Medium
223,462,54128.0,Medium
223,463,79316.40000000001,Medium
223,465,39385.19999999985,Medium
224,444,1.4551915228366852e-11,Medium
224,446,2.9103830456733704e-11,Medium
224,447,27926.999999999563,Medium
224,449,41508.600000000006,Medium
224,452,84031.20000000001,Medium
224,454,47751.200000000004,Medium
224,456,73361.40000000001,Medium
224,458,62870.4,Medium
224,459,57199.8,Medium
224,460,43591.0,Medium
224,461,99997.0,Medium
224,462,54128.0,Medium
224,463,65998.40000000043,Medium
225,449,4001.7999999999593,Medium
225,452,84031.20000000001,Medium
225,454,47751.200000000004,Medium
225,456,3995.8000000000247,Medium
226,466,7.275957614183426e-12,High
226,469,7.275957614183426e-12,High
226,477,4494.199999999808,High
226,479,21832.59999999998,High
226,480,20386.79999999999,High
226,481,20819.59999999998,High
226,485,30559.0,High
226,486,38440.4,High
226,487,27501.600000000002,High
226,488,33664.8,High
226,493,4918.000000000247,High
227,452,41569.79999999888,Medium
227,454,47751.200000000004,Medium
227,456,73361.40000000001,Medium
227,458,62870.4,Medium
227,459,57199.8,Medium
227,460,43591.0,Medium
227,461,99997.0,Medium
227,462,54128.0,Medium
227,463,79316.40000000001,Medium
227,465,36192.00000000106,Medium
228,486,13531.60000000005,High
228,487,27501.59999999998,High
228,488,33664.8,High
228,493,27956.0,High
228,499,24892.0,High
228,500,30526.800000000003,High
228,504,10308.400000000001,High
228,505,14335.400000000001,High
228,509,28621.0,High
228,510,13813.0,High
228,511,27618.4,High
228,517,36479.200000000004,High
228,520,13974.0,High
228,522,15358.0,High
228,524,15057.800000000001,High
228,525,13097.0,High
228,526,18896.4,High
228,527,27237.600000000002,High
228,529,38101.4,High
228,536,18583.600000000002,High
228,537,20444.800000000003,High
228,543,15603.2,High
228,544,14792.0,High
228,546,30666.600000000002,High
228,549,35939.0,High
228,550,16924.0,High
228,551,35629.6,High
228,553,28679.2,High
228,555,14346.400000000001,High
228,556,28272.4,High
228,557,12768.6,High
228,559,24345.2,High
228,560,13528.0,High
228,562,17682.600000000002,High
228,564,20527.600000000002,High
228,566,31271.4,High
228,567,36631.39999999983,High
229,454,31991.599999999926,Medium
229,456,73361.40000000001,Medium
229,458,62870.4,Medium
229,459,57199.8,Medium
229,460,43591.0,Medium
229,461,99997.0,Medium
229,462,31593.800000000047,Medium
230,493,23037.999999999753,High
230,499,24892.0,High
230,500,30526.79999999999,High
230,504,10308.400000000001,High
230,505,14335.400000000001,High
230,509,28621.0,High
230,510,13813.0,High
230,511,27618.4,High
230,517,36479.200000000004,High
230,520,13974.0,High
230,522,15358.0,High
230,524,15057.800000000001,High
230,525,13097.0,High
230,526,18896.4,High
230,527,27237.600000000002,High
230,529,38101.4,High
230,536,18583.600000000002,High
230,537,20444.800000000003,High
230,543,15603.2,High
230,544,14792.0,High
230,546,30666.600000000002,High
230,549,35939.0,High
230,550,16924.0,High
230,551,35629.6,High
230,553,28679.2,High
230,555,14346.400000000001,High
230,556,28272.4,High
230,557,12768.6,High
230,559,24345.2,High
230,560,13528.0,High
230,562,17682.600000000002,High
230,564,20527.600000000002,High
230,566,31271.4,High
230,567,37637.200000000004,High
230,568,25771.800000000003,High
230,569,29931.4,High
230,570,38409.4,High
230,576,11867.400000000001,High
230,577,19285.4,High
230,578,22305.800000000003,High
230,579,30404.600000000002,High
230,580,15634.400000000158,High
231,456,69365.59999999993,Medium
231,458,62870.4,Medium
231,459,57199.8,Medium
231,460,43591.0,Medium
231,461,99997.0,Medium
231,462,54128.0,Medium
231,463,79316.40000000001,Medium
231,465,52295.200000000004,Medium
231,467,73456.0,Medium
231,470,77228.2,Medium
231,471,62089.600000000006,Medium
231,472,42879.4,Medium
231,474,63836.0,Medium
231,475,53246.8,Medium
231,476,47965.599999999904,Medium
232,458,1.4551915228366852e-11,Medium
232,459,1.4551915228366852e-11,Medium
232,462,22534.199999999953,Medium
232,463,79316.40000000001,Medium
232,465,52295.200000000004,Medium
232,467,73456.0,Medium
232,470,77228.2,Medium
232,471,62089.600000000006,Medium
232,472,42879.4,Medium
232,474,63836.0,Medium
232,475,53246.8,Medium
232,476,47990.8,Medium
232,478,8763.399999999994,Medium
233,463,13317.999999999505,Medium
233,465,52295.200000000004,Medium
233,467,73456.0,Medium
233,470,77228.2,Medium
233,471,62089.600000000006,Medium
233,472,42879.4,Medium
233,474,63836.0,Medium
233,475,53246.8,Medium
233,476,47990.8,Medium
233,478,79000.8,Medium
233,482,41097.200000000004,Medium
233,483,67881.40000000001,Medium
233,484,65204.0,Medium
233,489,79555.0,Medium
233,490,97867.20000000001,Medium
233,491,74272.40000000049,Medium
234,465,29013.199999999088,Medium
234,467,59088.80000000091,Medium
235,504,4735.799999999959,High
235,505,14335.399999999994,High
235,509,28621.0,High
235,510,13813.0,High
235,511,27618.4,High
235,517,35336.400000000045,High
236,467,73456.0,Medium
236,470,77228.2,Medium
236,471,62089.600000000006,Medium
236,472,42879.4,Medium
236,474,63836.0,Medium
236,475,53246.8,Medium
236,476,42041.999999999985,Medium
237,467,14367.19999999908,Medium
237,470,77228.19999999997,Medium
237,471,48334.60000000095,Medium
238,471,13754.999999999025,Medium
238,472,42879.4,Medium
238,474,63836.0,Medium
238,475,53246.8,Medium
238,476,47990.8,Medium
238,478,79000.8,Medium
238,482,41097.200000000004,Medium
238,483,67881.40000000001,Medium
238,484,65204.0,Medium
238,489,79555.0,Medium
238,490,26642.600000000908,Medium
239,472,1.4551915228366852e-11,Medium
239,475,1.4551915228366852e-11,Medium
239,476,5974.000000000102,Medium
239,478,79000.8,Medium
239,482,41097.200000000004,Medium
239,483,67881.40000000001,Medium
239,484,65204.0,Medium
239,489,79555.0,Medium
239,490,97867.20000000001,Medium
239,491,92641.20000000001,Medium
239,492,56815.200000000004,Medium
239,494,70523.40000000001,Medium
239,495,20878.599999999817,Medium
240,511,7.275957614183426e-12,High
240,517,23286.79999999939,High
240,520,13974.0,High
240,522,15358.0,High
240,524,15057.800000000001,High
240,525,13097.0,High
240,526,18896.4,High
240,527,27237.600000000002,High
240,529,38101.4,High
240,536,18583.600000000002,High
240,537,20444.800000000003,High
240,543,15603.2,High
240,544,14792.0,High
240,546,30666.600000000002,High
240,549,35939.0,High
240,550,16924.0,High
240,551,35629.6,High
240,553,28679.2,High
240,555,14346.400000000001,High
240,556,28272.4,High
240,557,12768.6,High
240,559,24345.2,High
240,560,13528.0,High
240,562,17682.600000000002,High
240,564,20527.600000000002,High
240,566,31271.4,High
240,567,37637.200000000004,High
240,568,25771.800000000003,High
240,569,29931.4,High
240,570,38409.4,High
240,576,11867.400000000001,High
240,577,19285.4,High
240,578,22305.800000000003,High
240,579,30404.600000000002,High
240,580,17000.800000000647,High
241,520,13974.0,High
241,522,15358.0,High
241,524,15057.79999999999,High
241,525,13097.0,High
241,526,18896.4,High
241,527,27237.59999999998,High
241,529,38101.4,High
241,536,18583.600000000002,High
241,537,20444.800000000003,High
241,543,15603.2,High
241,544,14792.0,High
241,546,18062.20000000004,High
242,529,20243.39999999896,High
242,536,18583.59999999998,High
242,537,20444.79999999999,High
242,543,15603.2,High
242,544,14792.0,High
242,546,30666.600000000002,High
242,549,35939.0,High
242,550,16924.0,High
242,551,31500.400000001056,High
243,478,79000.8,Medium
243,482,41097.200000000004,Medium
243,483,67881.40000000001,Medium
243,484,65204.0,Medium
243,489,10761.599999999991,Medium
244,478,70237.40000000001,Medium
244,482,41097.19999999996,Medium
244,483,67881.39999999992,Medium
244,484,65204.0,Medium
244,489,37495.0000000001,Medium
245,543,3.637978807091713e-12,High
245,546,12604.39999999994,High
245,549,35939.0,High
245,550,16924.0,High
245,551,35629.6,High
245,553,28679.2,High
245,555,14346.400000000001,High
245,556,28272.4,High
245,557,12768.6,High
245,559,24345.2,High
245,560,13528.0,High
245,562,17682.600000000002,High
245,564,20527.600000000002,High
245,566,31271.4,High
245,567,37637.200000000004,High
245,568,25771.800000000003,High
245,569,29931.4,High
245,570,38409.4,High
245,576,11867.400000000001,High
245,577,19285.4,High
245,578,22305.800000000003,High
245,579,30404.600000000002,High
245,580,26933.0,High
245,585,10967.0,High
245,586,14031.800000000001,High
245,587,34358.0,High
245,588,31123.2,High
245,589,25750.4,High
245,591,29401.4,High
245,596,33602.4,High
245,597,37357.0,High
245,598,21235.600000000002,High
245,599,5060.800000000159,High
246,489,79555.0,Medium
246,490,97867.20000000001,Medium
246,491,80701.79999999999,Medium
247,551,4129.1999999989275,High
247,553,28679.2,High
247,555,14346.399999999994,High
247,556,28272.4,High
247,557,12768.6,High
247,559,24345.2,High
247,560,13528.0,High
247,562,17682.59999999998,High
247,564,20527.59999999998,High
247,566,31271.4,High
247,567,37637.200000000004,High
247,568,25771.800000000003,High
247,569,29931.4,High
247,570,38409.4,High
247,576,11867.400000000001,High
247,577,19285.4,High
247,578,22305.800000000003,High
247,579,30404.600000000002,High
247,580,26933.0,High
247,585,10967.0,High
247,586,14031.800000000001,High
247,587,24381.60000000114,High
248,553,7.275957614183426e-12,High
248,556,7.275957614183426e-12,High
248,557,3.637978807091713e-12,High
248,559,7.275957614183426e-12,High
248,566,7.275957614183426e-12,High
248,567,1005.8000000001484,High
248,568,25771.79999999999,High
248,569,29931.4,High
248,570,38409.4,High
248,576,11867.399999999994,High
248,577,19285.4,High
248,578,22305.79999999999,High
248,579,30404.59999999998,High
248,580,26933.0,High
248,585,10967.0,High
248,586,14031.800000000001,High
248,587,34358.0,High
248,588,31123.2,High
248,589,25750.4,High
248,591,29401.4,High
248,596,33602.4,High
248,597,37357.0,High
248,598,21235.600000000002,High
248,599,19881.4,High
248,601,35894.6,High
248,602,21628.2,High
248,603,21314.0,High
248,605,10203.0,High
248,606,22362.600000000002,High
248,608,804.799999999861,High
249,569,7.275957614183426e-12,High
249,570,1.4551915228366852e-11,High
249,580,21230.799999999203,High
249,585,10967.0,High
249,586,14031.800000000001,High
249,587,34358.0,High
249,588,31123.2,High
249,589,25750.4,High
249,591,29401.4,High
249,596,33602.4,High
249,597,37357.0,High
249,598,21235.600000000002,High
249,599,19881.4,High
249,601,35894.6,High
249,602,18987.40000000078,High
250,489,31298.39999999992,Medium
250,490,97867.20000000001,Medium
250,491,92641.20000000001,Medium
250,492,5997.20000000007,Medium
251,490,71224.59999999905,Medium
251,491,92641.20000000001,Medium
251,492,56815.200000000004,Medium
251,494,70523.40000000001,Medium
251,495,44337.8,Medium
251,496,94663.6,Medium
251,497,41869.600000000006,Medium
251,498,47620.4,Medium
251,501,57986.0,Medium
251,502,41360.200000000004,Medium
251,503,60630.0,Medium
251,506,75560.8,Medium
251,507,470.2000000008993,Medium
252,585,10967.0,High
252,586,14031.79999999999,High
252,587,34358.0,High
252,588,29724.20000000001,High
253,491,30308.199999999488,Medium
253,492,56815.200000000004,Medium
253,494,70523.40000000001,Medium
253,495,44337.8,Medium
253,496,94663.6,Medium
253,497,41869.600000000006,Medium
253,498,47620.4,Medium
253,501,57986.0,Medium
253,502,41360.200000000004,Medium
253,503,60630.0,Medium
253,506,75560.8,Medium
253,507,76283.0,Medium
253,508,47816.200000000004,Medium
253,512,22441.600000000508,Medium
254,492,56815.200000000004,Medium
254,494,70523.40000000001,Medium
254,495,44337.8,Medium
254,496,94663.6,Medium
254,497,41869.600000000006,Medium
254,498,47620.4,Medium
254,501,49418.99999999996,Medium
255,492,50817.99999999989,Medium
255,494,70523.39999999992,Medium
255,495,44337.8,Medium
255,496,94663.6,Medium
255,497,9587.2000000002,Medium
256,587,9976.39999999886,High
256,588,31123.2,High
256,589,25750.4,High
256,591,29401.4,High
256,596,33602.4,High
256,597,37357.0,High
256,598,21235.600000000002,High
256,599,19881.4,High
256,601,35894.6,High
256,602,21628.2,High
256,603,21314.0,High
256,605,10203.0,High
256,606,22362.600000000002,High
256,608,30099.4,High
256,609,37897.4,High
256,615,37046.0,High
256,616,14061.800000000001,High
256,617,11394.0,High
256,620,25176.0,High
256,623,36291.200000000004,High
256,627,39891.200000000004,High
256,630,26128.4,High
256,631,20122.4,High
256,634,12183.2,High
256,638,38905.6,High
256,639,34257.6,High
256,640,17753.0,High
256,641,19021.2,High
256,642,20786.4,High
256,645,17548.8,High
256,647,31663.800000000003,High
256,648,28438.600000000002,High
256,651,34890.8,High
256,652,2210.0000000010914,High
257,495,23459.2000000002,Medium
257,496,94663.6,Medium
257,497,41869.600000000006,Medium
257,498,47620.4,Medium
257,501,57986.0,Medium
257,502,41360.200000000004,Medium
257,503,60630.0,Medium
257,506,75560.8,Medium
257,507,76283.0,Medium
257,508,47816.200000000004,Medium
257,512,63.9999999998181,Medium
258,496,2.9103830456733704e-11,Medium
258,497,32282.399999999776,Medium
258,498,47620.4,Medium
258,501,57986.0,Medium
258,502,41360.200000000004,Medium
258,503,60630.0,Medium
258,506,24653.000000000204,Medium
259,498,1.4551915228366852e-11,Medium
259,501,8567.00000000003,Medium
259,502,41360.19999999996,Medium
259,503,60630.0,Medium
259,506,75560.8,Medium
259,507,76283.0,Medium
259,508,47816.200000000004,Medium
259,512,97821.20000000001,Medium
259,513,45659.0,Medium
259,514,42761.4,Medium
259,515,165921.20000000004,Low
260,506,50907.79999999983,Medium
260,507,76283.0,Medium
260,508,47816.200000000004,Medium
260,512,97821.20000000001,Medium
260,513,45659.0,Medium
260,514,42761.4,Medium
260,516,71500.8,Medium
260,519,73396.2,Medium
260,521,63186.400000000154,Medium
261,588,1398.9999999999964,High
261,589,25750.4,High
261,591,29401.4,High
261,596,33602.4,High
261,597,37357.0,High
261,598,21235.59999999998,High
261,599,19881.4,High
261,601,35894.6,High
261,602,21628.2,High
261,603,21314.0,High
261,605,10203.0,High
261,606,22362.600000000002,High
261,608,30099.4,High
261,609,37897.4,High
261,615,18810.599999999933,High
262,507,75812.79999999912,Medium
262,508,47816.19999999996,Medium
262,512,97821.20000000001,Medium
262,513,45659.0,Medium
262,514,42761.4,Medium
262,515,29235.40000000092,Low
263,512,78295.0,Medium
264,589,7.275957614183426e-12,High
264,591,7.275957614183426e-12,High
264,596,1.4551915228366852e-11,High
264,599,14820.599999999838,High
264,601,35894.599999999984,High
264,602,13091.800000000148,High
265,602,11177.199999999077,High
265,603,21314.0,High
265,605,10203.0,High
265,606,22362.600000000002,High
265,608,30099.4,High
265,609,37897.4,High
265,615,37046.0,High
265,616,14061.800000000001,High
265,617,11394.0,High
265,620,25176.0,High
265,623,36291.200000000004,High
265,627,39891.200000000004,High
265,630,26128.4,High
265,631,20122.4,High
265,634,12183.2,High
265,638,38905.6,High
265,639,34257.6,High
265,640,17753.0,High
265,641,19021.2,High
265,642,20278.80000000091,High
266,512,94841.79999999964,Medium
266,513,45659.0,Medium
266,514,42761.4,Medium
266,516,24241.80000000036,Medium
267,603,21314.0,High
267,605,10203.0,High
267,606,22362.59999999998,High
267,608,30099.4,High
267,609,37897.4,High
267,615,37046.0,High
267,616,14061.800000000001,High
267,617,11394.0,High
267,620,25176.0,High
267,623,36291.200000000004,High
267,627,39891.200000000004,High
267,630,2330.4000000000233,High
268,513,45659.0,Medium
268,514,42761.4,Medium
268,516,71500.8,Medium
268,519,73396.2,Medium
268,521,80639.20000000001,Medium
268,523,63774.8,Medium
268,528,40949.600000000006,Medium
268,530,93170.6,Medium
268,531,23156.399999999965,Medium
269,514,1.4551915228366852e-11,Medium
269,515,187112.80000000002,Low
269,516,71500.8,Medium
269,518,170682.2,Low
269,519,73396.2,Medium
269,521,80639.20000000001,Medium
269,523,63774.8,Medium
269,528,40949.600000000006,Medium
269,530,54384.39999999992,Medium
270,608,29294.600000000137,High
270,609,37897.4,High
270,615,37046.0,High
270,616,14061.800000000001,High
270,617,11394.0,High
270,620,25176.0,High
270,623,36291.200000000004,High
270,627,39891.200000000004,High
270,630,26128.4,High
270,631,20122.4,High
270,634,12183.2,High
270,638,38905.6,High
270,639,34257.6,High
270,640,17753.0,High
270,641,19021.2,High
270,642,20786.4,High
270,645,17548.8,High
270,647,6781.199999999804,High
271,609,1.4551915228366852e-11,High
271,615,18235.400000000067,High
271,616,14061.79999999999,High
271,617,11394.0,High
271,620,25176.0,High
271,623,36291.19999999996,High
271,627,39891.19999999996,High
271,630,26128.4,High
271,631,20122.4,High
271,634,12183.2,High
271,638,38905.6,High
271,639,34257.6,High
271,640,17753.0,High
271,641,19021.2,High
271,642,20786.4,High
271,645,17548.8,High
271,647,31663.800000000003,High
271,648,28438.600000000002,High
271,651,34890.8,High
271,652,12897.800000000001,High
271,653,22375.4,High
271,656,17426.2,High
271,657,33153.0,High
271,660,14857.0,High
271,661,17525.2,High
271,662,13839.6,High
271,665,10250.400000000001,High
271,667,23043.0,High
271,669,11389.800000000001,High
271,670,21078.600000000002,High
271,671,37602.6,High
271,672,15186.800000000001,High
271,675,25149.0,High
271,676,28891.2,High
271,677,20682.600000000002,High
271,680,18617.600000000002,High
271,682,30639.2,High
271,683,21095.800000000003,High
271,684,13992.6,High
271,685,21024.600000000002,High
271,687,30493.600000000002,High
271,691,19738.000000000004,High
272,630,23797.999999999985,High
272,631,20122.4,High
272,634,12183.2,High
272,638,38905.599999999984,High
272,639,34257.599999999984,High
272,640,17753.0,High
272,641,19021.2,High
272,642,20786.4,High
272,645,17548.8,High
272,647,31663.800000000003,High
272,648,28438.600000000002,High
272,651,34890.8,High
272,652,12897.800000000001,High
272,653,22375.4,High
272,656,17426.2,High
272,657,33153.0,High
272,660,14857.0,High
272,661,17525.2,High
272,662,13839.6,High
272,665,10250.400000000001,High
272,667,23043.0,High
272,669,11389.800000000001,High
272,670,21078.600000000002,High
272,671,37602.6,High
272,672,15186.800000000001,High
272,675,17928.20000000002,High
273,634,3.637978807091713e-12,High
273,641,7.275957614183426e-12,High
273,642,507.5999999990963,High
273,645,17548.799999999992,High
273,647,31663.800000000003,High
273,648,28438.600000000002,High
273,651,34890.8,High
273,652,12897.800000000001,High
273,653,22375.4,High
273,656,17426.2,High
273,657,33153.0,High
273,660,14857.0,High
273,661,3222.0000000009168,High
274,516,71500.8,Medium
274,519,73396.2,Medium
274,521,80639.20000000001,Medium
274,523,63774.8,Medium
274,528,40949.600000000006,Medium
274,530,93170.6,Medium
274,531,64792.200000000004,Medium
274,532,46071.0,Medium
274,534,71308.40000000001,Medium
274,535,74683.2,Medium
274,538,47859.600000000006,Medium
274,540,52325.8,Medium
274,542,14227.600000000006,Medium
275,516,47258.99999999962,Medium
275,519,22611.00000000038,Medium
276,647,24882.60000000018,High
276,648,28438.59999999998,High
276,651,34890.8,High
276,652,12897.800000000001,High
276,653,22375.4,High
276,656,17426.2,High
276,657,33153.0,High
276,660,14857.0,High
276,661,17525.2,High
276,662,13839.6,High
276,665,10250.400000000001,High
276,667,22659.39999999985,High
277,519,50785.19999999959,Medium
277,521,80639.20000000001,Medium
277,523,63774.8,Medium
277,528,40949.600000000006,Medium
277,530,62534.200000000375,Medium
278,652,10687.799999998899,High
278,653,22375.4,High
278,656,17426.2,High
278,657,33153.0,High
278,660,14857.0,High
278,661,17525.2,High
278,662,13839.6,High
278,665,10250.400000000001,High
278,667,23043.0,High
278,669,11389.800000000001,High
278,670,21078.600000000002,High
278,671,37602.6,High
278,672,15186.800000000001,High
278,675,25149.0,High
278,676,11112.60000000109,High
279,653,7.275957614183426e-12,High
279,656,7.275957614183426e-12,High
279,661,14303.199999999088,High
279,662,13839.6,High
279,665,10250.399999999994,High
279,667,23043.0,High
279,669,11389.800000000001,High
279,670,3964.0000000009186,High
280,662,3.637978807091713e-12,High
280,667,383.60000000015134,High
280,669,11389.79999999999,High
280,670,21078.600000000002,High
280,671,37602.6,High
280,672,15186.800000000001,High
280,675,25149.0,High
280,676,28891.2,High
280,677,20682.600000000002,High
280,680,18617.600000000002,High
280,682,30639.2,High
280,683,21095.800000000003,High
280,684,13992.6,High
280,685,21024.600000000002,High
280,687,30493.600000000002,High
280,691,23967.2,High
280,693,38617.4,High
280,694,19000.4,High
280,696,37465.200000000004,High
280,698,37432.4,High
280,701,14814.2,High
280,706,30314.0,High
280,707,23944.800000000003,High
280,709,34293.0,High
280,712,30616.2,High
280,715,25850.4,High
280,717,36112.0,High
280,718,30936.0,High
280,719,13571.199999999924,High
281,521,17452.799999999814,Medium
281,523,63774.8,Medium
281,528,40949.59999999998,Medium
281,530,93170.6,Medium
281,531,64792.200000000004,Medium
281,532,46071.0,Medium
281,534,71308.40000000001,Medium
281,535,74683.2,Medium
281,538,47859.600000000006,Medium
281,540,52325.8,Medium
281,542,86181.40000000001,Medium
281,547,88560.8,Medium
281,548,99707.8,Medium
281,552,14883.000000000146,Medium
282,523,1.4551915228366852e-11,Medium
282,530,69422.59999999971,Medium
282,531,64792.200000000004,Medium
282,532,46071.0,Medium
282,534,71308.40000000001,Medium
282,535,74683.2,Medium
282,538,47859.600000000006,Medium
282,540,52325.8,Medium
282,542,71882.2000000002,Medium
283,515,187112.80000000002,Low
283,518,170682.2,Low
283,531,64792.200000000004,Medium
283,532,46071.0,Medium
283,533,137368.6,Low
283,534,71308.40000000001,Medium
283,535,74683.2,Medium
283,538,47055.59999999992,Medium
284,531,41635.799999999996,Medium
284,532,46071.0,Medium
284,534,71308.39999999992,Medium
284,535,74683.19999999997,Medium
284,538,47859.600000000006,Medium
284,540,52325.8,Medium
284,542,86181.40000000001,Medium
284,547,88560.8,Medium
284,548,28836.000000000116,Medium
285,515,187112.80000000002,Low
285,518,170682.2,Low
285,533,137368.6,Low
285,538,804.0000000000582,Medium
285,539,93805.39999999988,Low
286,540,52325.8,Medium
286,542,86181.40000000001,Medium
286,547,88560.8,Medium
286,548,99707.8,Medium
286,552,96540.6,Medium
286,554,78542.8,Medium
286,558,62813.0,Medium
286,561,50505.600000000006,Medium
286,563,91842.8,Medium
286,565,62026.600000000006,Medium
286,571,42204.600000000006,Medium
286,572,44289.4,Medium
286,573,25372.799999999836,Medium
287,540,1.4551915228366852e-11,Medium
287,542,86181.40000000001,Medium
287,547,50006.59999999999,Medium
288,515,179068.99999999886,Low
288,518,170682.2,Low
288,533,137368.6,Low
288,539,91916.20000000115,Low
289,542,71.59999999977299,Medium
289,547,88560.8,Medium
289,548,99707.8,Medium
289,552,96540.6,Medium
289,554,78542.8,Medium
289,558,62813.0,Medium
289,561,50505.600000000006,Medium
289,563,91842.8,Medium
289,565,62026.600000000006,Medium
289,571,42204.600000000006,Medium
289,572,44289.4,Medium
289,573,75023.40000000017,Medium
290,518,170682.2,Low
290,533,137368.6,Low
290,539,168472.6,Low
290,541,165636.80000000002,Low
290,545,72634.80000000005,Low
291,533,137368.6,Low
291,539,168472.6,Low
291,541,165636.80000000002,Low
291,545,159147.0,Low
291,547,38554.20000000004,Medium
291,548,99707.8,Medium
291,552,71253.99999999996,Medium
292,670,17114.599999999064,High
292,671,37602.599999999984,High
292,672,15186.79999999999,High
292,675,25149.0,High
292,676,28891.2,High
292,677,20682.600000000002,High
292,680,18617.600000000002,High
292,682,30639.2,High
292,683,21095.800000000003,High
292,684,13992.6,High
292,685,21024.600000000002,High
292,687,30493.600000000002,High
292,691,23967.2,High
292,693,38617.4,High
292,694,19000.4,High
292,696,37465.200000000004,High
292,698,37432.4,High
292,701,14814.2,High
292,706,30314.0,High
292,707,23944.800000000003,High
292,709,34293.0,High
292,712,30616.2,High
292,715,25850.4,High
292,717,36112.0,High
292,718,30936.0,High
292,719,34395.600000000995,High
293,548,70871.79999999992,Medium
293,552,9483.200000000084,Medium
294,533,5.820766091346741e-11,Low
294,539,168472.6,Low
294,541,165636.80000000002,Low
294,545,159147.0,Low
294,552,96540.6,Medium
294,554,78542.8,Medium
294,558,62813.0,Medium
294,561,29978.199999999968,Medium
295,552,96540.6,Medium
295,554,78542.8,Medium
295,558,62813.0,Medium
295,561,50505.600000000006,Medium
295,563,91842.8,Medium
295,565,62026.600000000006,Medium
295,571,42204.600000000006,Medium
295,572,16539.000000000015,Medium
296,675,7220.799999999988,High
296,676,28891.2,High
296,677,20682.600000000002,High
296,680,18617.600000000002,High
296,682,30639.2,High
296,683,21095.800000000003,High
296,684,13992.6,High
296,685,21024.600000000002,High
296,687,30493.600000000002,High
296,691,23967.2,High
296,693,38617.4,High
296,694,19000.4,High
296,696,37465.200000000004,High
296,698,37432.4,High
296,701,14814.2,High
296,706,30314.0,High
296,707,23944.800000000003,High
296,709,34293.0,High
296,712,3825.4000000001106,High
297,539,151223.59999999902,Low
297,541,55318.400000000984,Low
298,552,920.3999999999069,Medium
298,554,78542.8,Medium
298,558,62813.0,Medium
298,561,50505.600000000006,Medium
298,563,30634.2000000001,Medium
299,541,165636.80000000002,Low
299,545,159147.0,Low
299,554,2.9103830456733704e-11,Medium
299,561,20527.40000000001,Medium
299,563,9750.799999999945,Medium
